-- MySQL dump 10.13  Distrib 8.0.33, for Linux (x86_64)
--
-- Host: localhost    Database: online_store_db
-- ------------------------------------------------------
-- Server version	8.0.33-0ubuntu0.20.04.2

/*!40101 SET @OLD_CHARACTER_SET_CLIENT=@@CHARACTER_SET_CLIENT */;
/*!40101 SET @OLD_CHARACTER_SET_RESULTS=@@CHARACTER_SET_RESULTS */;
/*!40101 SET @OLD_COLLATION_CONNECTION=@@COLLATION_CONNECTION */;
/*!50503 SET NAMES utf8mb4 */;
/*!40103 SET @OLD_TIME_ZONE=@@TIME_ZONE */;
/*!40103 SET TIME_ZONE='+00:00' */;
/*!40014 SET @OLD_UNIQUE_CHECKS=@@UNIQUE_CHECKS, UNIQUE_CHECKS=0 */;
/*!40014 SET @OLD_FOREIGN_KEY_CHECKS=@@FOREIGN_KEY_CHECKS, FOREIGN_KEY_CHECKS=0 */;
/*!40101 SET @OLD_SQL_MODE=@@SQL_MODE, SQL_MODE='NO_AUTO_VALUE_ON_ZERO' */;
/*!40111 SET @OLD_SQL_NOTES=@@SQL_NOTES, SQL_NOTES=0 */;

--
-- Table structure for table `cart_items`
--

DROP TABLE IF EXISTS `cart_items`;
/*!40101 SET @saved_cs_client     = @@character_set_client */;
/*!50503 SET character_set_client = utf8mb4 */;
CREATE TABLE `cart_items` (
  `quantity` int NOT NULL,
  `cart_id` varchar(60) NOT NULL,
  `product_id` varchar(60) NOT NULL,
  `id` varchar(60) NOT NULL,
  `created_at` datetime NOT NULL,
  `updated_at` datetime NOT NULL,
  PRIMARY KEY (`id`),
  KEY `cart_id` (`cart_id`),
  KEY `product_id` (`product_id`),
  CONSTRAINT `cart_items_ibfk_1` FOREIGN KEY (`cart_id`) REFERENCES `carts` (`id`) ON DELETE CASCADE,
  CONSTRAINT `cart_items_ibfk_2` FOREIGN KEY (`product_id`) REFERENCES `products` (`id`) ON DELETE CASCADE
) ENGINE=InnoDB DEFAULT CHARSET=utf8mb4 COLLATE=utf8mb4_0900_ai_ci;
/*!40101 SET character_set_client = @saved_cs_client */;

--
-- Dumping data for table `cart_items`
--

LOCK TABLES `cart_items` WRITE;
/*!40000 ALTER TABLE `cart_items` DISABLE KEYS */;
/*!40000 ALTER TABLE `cart_items` ENABLE KEYS */;
UNLOCK TABLES;

--
-- Table structure for table `carts`
--

DROP TABLE IF EXISTS `carts`;
/*!40101 SET @saved_cs_client     = @@character_set_client */;
/*!50503 SET character_set_client = utf8mb4 */;
CREATE TABLE `carts` (
  `user_id` varchar(60) NOT NULL,
  `id` varchar(60) NOT NULL,
  `created_at` datetime NOT NULL,
  `updated_at` datetime NOT NULL,
  PRIMARY KEY (`id`),
  KEY `user_id` (`user_id`),
  CONSTRAINT `carts_ibfk_1` FOREIGN KEY (`user_id`) REFERENCES `users` (`id`) ON DELETE CASCADE
) ENGINE=InnoDB DEFAULT CHARSET=utf8mb4 COLLATE=utf8mb4_0900_ai_ci;
/*!40101 SET character_set_client = @saved_cs_client */;

--
-- Dumping data for table `carts`
--

LOCK TABLES `carts` WRITE;
/*!40000 ALTER TABLE `carts` DISABLE KEYS */;
/*!40000 ALTER TABLE `carts` ENABLE KEYS */;
UNLOCK TABLES;

--
-- Table structure for table `categories`
--

DROP TABLE IF EXISTS `categories`;
/*!40101 SET @saved_cs_client     = @@character_set_client */;
/*!50503 SET character_set_client = utf8mb4 */;
CREATE TABLE `categories` (
  `name` varchar(60) NOT NULL,
  `discription` varchar(1024) DEFAULT NULL,
  `id` varchar(60) NOT NULL,
  `created_at` datetime NOT NULL,
  `updated_at` datetime NOT NULL,
  PRIMARY KEY (`id`)
) ENGINE=InnoDB DEFAULT CHARSET=utf8mb4 COLLATE=utf8mb4_0900_ai_ci;
/*!40101 SET character_set_client = @saved_cs_client */;

--
-- Dumping data for table `categories`
--

LOCK TABLES `categories` WRITE;
/*!40000 ALTER TABLE `categories` DISABLE KEYS */;
INSERT INTO `categories` VALUES ('Tech',NULL,'06e78dc2-25dd-4138-8afa-8763891dc43a','2023-07-21 07:27:43','2023-07-21 07:27:43'),('Dressings',NULL,'0ba4146a-5178-48ea-a7cd-4091ecad813c','2023-07-21 07:28:24','2023-07-21 07:28:24'),('Jewelry',NULL,'40eb4ce3-97c1-4da1-9cc1-e02ae32ab0b0','2023-07-21 07:28:11','2023-07-21 07:28:11'),('Shoe',NULL,'80f8adf6-4992-4144-8bd5-b024a3ba8175','2023-07-21 07:27:59','2023-07-21 07:27:59');
/*!40000 ALTER TABLE `categories` ENABLE KEYS */;
UNLOCK TABLES;

--
-- Table structure for table `order_items`
--

DROP TABLE IF EXISTS `order_items`;
/*!40101 SET @saved_cs_client     = @@character_set_client */;
/*!50503 SET character_set_client = utf8mb4 */;
CREATE TABLE `order_items` (
  `quantity` int NOT NULL,
  `order_id` varchar(60) NOT NULL,
  `product_id` varchar(60) NOT NULL,
  `id` varchar(60) NOT NULL,
  `created_at` datetime NOT NULL,
  `updated_at` datetime NOT NULL,
  PRIMARY KEY (`id`),
  KEY `order_id` (`order_id`),
  KEY `product_id` (`product_id`),
  CONSTRAINT `order_items_ibfk_1` FOREIGN KEY (`order_id`) REFERENCES `orders` (`id`) ON DELETE CASCADE,
  CONSTRAINT `order_items_ibfk_2` FOREIGN KEY (`product_id`) REFERENCES `products` (`id`) ON DELETE CASCADE
) ENGINE=InnoDB DEFAULT CHARSET=utf8mb4 COLLATE=utf8mb4_0900_ai_ci;
/*!40101 SET character_set_client = @saved_cs_client */;

--
-- Dumping data for table `order_items`
--

LOCK TABLES `order_items` WRITE;
/*!40000 ALTER TABLE `order_items` DISABLE KEYS */;
/*!40000 ALTER TABLE `order_items` ENABLE KEYS */;
UNLOCK TABLES;

--
-- Table structure for table `orders`
--

DROP TABLE IF EXISTS `orders`;
/*!40101 SET @saved_cs_client     = @@character_set_client */;
/*!50503 SET character_set_client = utf8mb4 */;
CREATE TABLE `orders` (
  `user_id` varchar(60) NOT NULL,
  `id` varchar(60) NOT NULL,
  `created_at` datetime NOT NULL,
  `updated_at` datetime NOT NULL,
  PRIMARY KEY (`id`),
  KEY `user_id` (`user_id`),
  CONSTRAINT `orders_ibfk_1` FOREIGN KEY (`user_id`) REFERENCES `users` (`id`) ON DELETE CASCADE
) ENGINE=InnoDB DEFAULT CHARSET=utf8mb4 COLLATE=utf8mb4_0900_ai_ci;
/*!40101 SET character_set_client = @saved_cs_client */;

--
-- Dumping data for table `orders`
--

LOCK TABLES `orders` WRITE;
/*!40000 ALTER TABLE `orders` DISABLE KEYS */;
/*!40000 ALTER TABLE `orders` ENABLE KEYS */;
UNLOCK TABLES;

--
-- Table structure for table `product_images`
--

DROP TABLE IF EXISTS `product_images`;
/*!40101 SET @saved_cs_client     = @@character_set_client */;
/*!50503 SET character_set_client = utf8mb4 */;
CREATE TABLE `product_images` (
  `image_urls` varchar(128) NOT NULL,
  `product_id` varchar(60) NOT NULL,
  `id` varchar(60) NOT NULL,
  `created_at` datetime NOT NULL,
  `updated_at` datetime NOT NULL,
  `_type` varchar(60) DEFAULT NULL,
  PRIMARY KEY (`id`),
  KEY `product_id` (`product_id`),
  CONSTRAINT `product_images_ibfk_1` FOREIGN KEY (`product_id`) REFERENCES `products` (`id`) ON DELETE CASCADE
) ENGINE=InnoDB DEFAULT CHARSET=utf8mb4 COLLATE=utf8mb4_0900_ai_ci;
/*!40101 SET character_set_client = @saved_cs_client */;

--
-- Dumping data for table `product_images`
--

LOCK TABLES `product_images` WRITE;
/*!40000 ALTER TABLE `product_images` DISABLE KEYS */;
INSERT INTO `product_images` VALUES ('https://m.media-amazon.com/images/I/61Yaayuf31L._AC_UL320_.jpg','8d47e017-b57b-4270-a32b-46e843dbc5e1','0049c170-58e0-491a-adc3-e14488e598fb','2023-07-21 07:51:06','2023-07-21 07:51:06','Jewelry'),('https://m.media-amazon.com/images/I/61jWKaM8oGL._AC_UX522_.jpg','cdc1df4d-009c-415e-9845-d79de76af282','007c9263-ab66-4c50-9762-6d043cd45b27','2023-07-21 07:51:06','2023-07-21 07:51:06','Dressings'),('https://m.media-amazon.com/images/I/61kdMBV6sML._AC_UX695_.jpg','d1046187-33b2-4f78-a993-d535852b535b','00b470a7-4d82-44bb-8c90-367a80544e5b','2023-07-21 07:51:06','2023-07-21 07:51:06','Shoe'),('https://m.media-amazon.com/images/I/61YlI1ghl-L._AC_UY695_.jpg','2be439e5-a53e-4fea-8652-f7ae137c6bb4','027dda6a-b154-4921-be53-30025014c0a6','2023-07-21 07:51:06','2023-07-21 07:51:06','Shoe'),('https://m.media-amazon.com/images/I/71c8-ZCx0jL._AC_UX522_.jpg','7beab75c-9bca-4996-866e-1d4b1188cb01','02e22708-dc05-41cb-b2bb-b1df7fd2aa7f','2023-07-21 07:51:06','2023-07-21 07:51:06','Dressings'),('https://m.media-amazon.com/images/I/610hMjFK9DL._AC_SY500._SX._UX._SY._UY_.jpg','3426fb90-9e94-453c-82d7-b1f0cec7c4bf','03864313-0c93-4ec3-af47-01aecbd88adf','2023-07-21 07:51:06','2023-07-21 07:51:06','Dressings'),('https://m.media-amazon.com/images/I/71VMUooBv-S._AC_SX695._SX._UX._SY._UY_.jpg','9a2097a2-ef57-4385-91bc-8879b992acf4','042d9814-2364-466f-8840-9d5789b2d08d','2023-07-21 07:51:06','2023-07-21 07:51:06','Shoe'),('https://m.media-amazon.com/images/I/61x0RHdZYML._AC_SY500._SX._UX._SY._UY_.jpg','3426fb90-9e94-453c-82d7-b1f0cec7c4bf','04913b79-7c6d-4bc0-9c2a-ab04625487e8','2023-07-21 07:51:06','2023-07-21 07:51:06','Dressings'),('https://m.media-amazon.com/images/I/61Jv+q-n3RL._SL1500_.jpg','7c97351c-6fc0-492a-845f-89e0e22f7984','05747343-a21d-4a65-bfcf-4151d1a9c4fe','2023-07-21 07:51:07','2023-07-21 07:51:07','Tech'),('https://m.media-amazon.com/images/I/61RTHleu6LL._AC_UX522_.jpg','3a8a20b7-cc36-4efd-8c0e-b8cfff6838c0','0657a0ba-6b49-4be5-b9c7-93289e49368f','2023-07-21 07:51:06','2023-07-21 07:51:06','Dressings'),('https://m.media-amazon.com/images/I/710cDAXoLWL._AC_UY500_.jpg','442c017a-93d1-4c9c-b61c-dc2838509e11','067c5fca-0847-48b0-842e-f18ec32a1bae','2023-07-21 07:51:06','2023-07-21 07:51:06','Jewelry'),('https://m.media-amazon.com/images/I/71I0lybSq+L._AC_SL1500_.jpg','9227e19b-b1de-4758-8095-a858979a1a0b','099709ac-0b1d-442d-bb3c-99f6c7fe7d66','2023-07-21 07:51:07','2023-07-21 07:51:07','Tech'),('https://m.media-amazon.com/images/I/61vhOVfBmhL._AC_SL1500_.jpg','8ed00632-6ca6-4410-90a3-548c26d7d474','0af62695-e1c7-41b1-90eb-ddf84e3c6ea9','2023-07-21 07:51:07','2023-07-21 07:51:07','Tech'),('https://m.media-amazon.com/images/I/71t84n55GGL._SL1500_.jpg','d2704ee0-3eb7-44c1-ba63-686d8208a4ed','0b7bc663-6e18-45ed-b89a-4f061f510d4e','2023-07-21 07:51:07','2023-07-21 07:51:07','Tech'),('https://m.media-amazon.com/images/I/91G3dIPWmZL._SL1500_.jpg','7c97351c-6fc0-492a-845f-89e0e22f7984','0c4b38f6-00fd-4cfe-a5e3-1514e3867d14','2023-07-21 07:51:07','2023-07-21 07:51:07','Tech'),('https://m.media-amazon.com/images/I/51sWSEHMT1L._AC_UX522_.jpg','863fe762-cad4-46ac-af4d-5abd9989ae16','0d151c46-ecaf-444f-b9cb-94297ee169f5','2023-07-21 07:51:06','2023-07-21 07:51:06','Dressings'),('https://m.media-amazon.com/images/I/71XxUE-nVjL._AC_UL320_.jpg','909d03c3-6e1e-44f6-9524-bdd80fdfec0e','0d57fa10-e78f-4386-91a3-15dbec290e7a','2023-07-21 07:51:06','2023-07-21 07:51:06','Dressings'),('https://m.media-amazon.com/images/I/51nhYHXf+FL._AC_UX522_.jpg','d8dda315-fc28-4f05-9d6f-dd2fbbf5f1a3','0f589623-2f05-4e2e-a3ac-004f013ba4a5','2023-07-21 07:51:06','2023-07-21 07:51:06','Dressings'),('https://m.media-amazon.com/images/I/71gVJapRBML._AC_UX679_.jpg','de50a258-9336-48c1-816e-8ba0481df661','0f79367b-5851-436d-91fb-05e2608ee183','2023-07-21 07:51:06','2023-07-21 07:51:06','Dressings'),('https://m.media-amazon.com/images/I/91gzMPf+1+L._AC_UL320_.jpg','909d03c3-6e1e-44f6-9524-bdd80fdfec0e','0fc8ca2a-8b90-4861-b1be-9005ce622dbc','2023-07-21 07:51:06','2023-07-21 07:51:06','Dressings'),('https://m.media-amazon.com/images/I/711O20VR6vL._AC_SL1500_.jpg','bd68e829-b730-43ab-a3f4-e3d5fcc8fca6','100b5cc0-662f-4402-919a-0fa56e8dbe0b','2023-07-21 07:51:08','2023-07-21 07:51:08','Tech'),('https://m.media-amazon.com/images/I/61TfkIlsPdL._AC_UY500_.jpg','0a73ebbd-bbb2-4c85-980d-94ac8b478536','10c77bea-65ae-4968-97b8-beed35b68fd0','2023-07-21 07:51:06','2023-07-21 07:51:06','Dressings'),('https://m.media-amazon.com/images/I/51TGAXFcpYL._AC_UX522_.jpg','49397821-6850-4638-b9d1-1f89d6de9fdb','128ef34d-20b5-48c3-b02c-3c06828103b4','2023-07-21 07:51:06','2023-07-21 07:51:06','Dressings'),('https://m.media-amazon.com/images/I/713ShDiciHL._AC_SL1500_.jpg','6bc6c7d2-7eea-41ed-86d3-8e971c1bb205','144fd99f-9758-483f-89a6-63232a984c57','2023-07-21 07:51:08','2023-07-21 07:51:08','Tech'),('https://m.media-amazon.com/images/I/71jJo+lZkmL._AC_SL1500_.jpg','0aa5380a-4fac-4d6c-8348-5b5f913b5cbd','14e53efa-b27b-471f-8568-67f71e81741e','2023-07-21 07:51:07','2023-07-21 07:51:07','Tech'),('https://m.media-amazon.com/images/I/7151sxZsSML._AC_UX695_.jpg','ef8f70a3-6b97-434a-aeb7-0cf52d85699b','162ac2c1-310b-4628-885b-f19be661b4f9','2023-07-21 07:51:07','2023-07-21 07:51:07','Shoe'),('https://m.media-amazon.com/images/I/61NQPVbdA8L._AC_UX695_.jpg','ef8f70a3-6b97-434a-aeb7-0cf52d85699b','1632c772-ae91-4997-aa23-a725a06921e5','2023-07-21 07:51:07','2023-07-21 07:51:07','Shoe'),('https://m.media-amazon.com/images/I/71IZGPzG93L._AC_UX695_.jpg','8fede923-807a-45d0-9ba2-8518d3b1b5cb','1687aeca-a67c-4b2a-b81d-362dcb87343f','2023-07-21 07:51:06','2023-07-21 07:51:06','Shoe'),('https://m.media-amazon.com/images/I/61Yqi4wiDuL._AC_UL320_.jpg','cdc1df4d-009c-415e-9845-d79de76af282','169b1499-f83e-4816-a0c9-f83be13b7e76','2023-07-21 07:51:06','2023-07-21 07:51:06','Dressings'),('https://m.media-amazon.com/images/I/51CyFM9uLGL._AC_UL320_.jpg','cdc1df4d-009c-415e-9845-d79de76af282','16b75e79-814a-4c1f-ab54-9514df5096c7','2023-07-21 07:51:06','2023-07-21 07:51:06','Dressings'),('https://m.media-amazon.com/images/I/51Jl6ZmqQ5L._AC_UY695_.jpg','7a1049b0-7aba-43ee-8abf-2265f1508b1b','17015fe7-ef69-4120-a169-f94d0a8b5452','2023-07-21 07:51:06','2023-07-21 07:51:06','Shoe'),('https://m.media-amazon.com/images/I/61AJ68gsAjL._AC_UX695_.jpg','5aeaa9d4-ebdb-49e7-9799-935fdfcb3d7f','17dfa8f7-6d72-4ccb-9778-fc94a11c2411','2023-07-21 07:51:07','2023-07-21 07:51:07','Shoe'),('https://m.media-amazon.com/images/I/71YqHRYSluL._AC_SL1500_.jpg','6bc6c7d2-7eea-41ed-86d3-8e971c1bb205','18327622-e782-4af7-b7e4-91f6ca2b8ec2','2023-07-21 07:51:08','2023-07-21 07:51:08','Tech'),('https://m.media-amazon.com/images/I/71k8xCOlQaL._AC_SL1500_.jpg','e4412817-6f53-44b7-91b2-adb01233947a','199c240c-be15-4b36-9ba4-0ad3df031579','2023-07-21 07:51:07','2023-07-21 07:51:07','Tech'),('https://m.media-amazon.com/images/I/613MUPzIabL._AC_UX695_.jpg','5b2b295e-ac18-4fef-b99d-7d44a7f7f551','1ab2d7ce-e25b-4833-9c7e-28b46decc60c','2023-07-21 07:51:07','2023-07-21 07:51:07','Shoe'),('https://m.media-amazon.com/images/I/61Hao0zNDrL._AC_UY500_.jpg','0a73ebbd-bbb2-4c85-980d-94ac8b478536','1b164618-cc4c-4497-bfd1-7bf1a8a5e394','2023-07-21 07:51:06','2023-07-21 07:51:06','Dressings'),('https://m.media-amazon.com/images/I/81UdDsOpdAL._AC_SL1500_.jpg','9227e19b-b1de-4758-8095-a858979a1a0b','1c52db50-b0a7-4be0-94b9-5d34bcb195aa','2023-07-21 07:51:07','2023-07-21 07:51:07','Tech'),('https://m.media-amazon.com/images/I/71Qlfaq3viL._AC_UY695_.jpg','2be439e5-a53e-4fea-8652-f7ae137c6bb4','1c61d2f9-1d3b-490d-9d37-95accd30b21f','2023-07-21 07:51:06','2023-07-21 07:51:06','Shoe'),('https://m.media-amazon.com/images/I/61QYtjy--kL._AC_UX425_.jpg','5bde2f72-be44-4e1d-b3a9-b1fde211c83e','1d1053f4-fc84-4844-b99f-0783091b0092','2023-07-21 07:51:06','2023-07-21 07:51:06','Dressings'),('https://m.media-amazon.com/images/I/41jQGYtio6L._AC_SL1001_.jpg','a3b34cb4-f91f-43b5-a4ee-8e2a55c7531c','1e5fc8fe-b49c-4579-9d6c-a3160bb0c152','2023-07-21 07:51:07','2023-07-21 07:51:07','Tech'),('https://m.media-amazon.com/images/I/91LyHZGpcfL._AC_SY500._SX._UX._SY._UY_.jpg','c1bb35cd-cc6e-42b6-b8cd-a5ac3d3d8a46','1f63de95-48f1-4fe4-876c-fffa8305465e','2023-07-21 07:51:06','2023-07-21 07:51:06','Dressings'),('https://m.media-amazon.com/images/I/815iFoALdXL._AC_SL1500_.jpg','0aa5380a-4fac-4d6c-8348-5b5f913b5cbd','1f800b31-c8de-4ddb-a0a2-5e5622170902','2023-07-21 07:51:07','2023-07-21 07:51:07','Tech'),('https://m.media-amazon.com/images/I/613deQsgFJL._AC_UX695_.jpg','ef8f70a3-6b97-434a-aeb7-0cf52d85699b','20267a5c-b170-40ae-bb11-c07602289dd6','2023-07-21 07:51:07','2023-07-21 07:51:07','Shoe'),('https://m.media-amazon.com/images/I/71OB5xueuFL._AC_UX695_.jpg','bc86a2ee-0fb1-429f-a054-21bcbec90cf5','20319822-aebc-4356-9df1-4ea42d409444','2023-07-21 07:51:07','2023-07-21 07:51:07','Shoe'),('https://m.media-amazon.com/images/I/91DoVPftAhL._AC_SL1500_.jpg','9227e19b-b1de-4758-8095-a858979a1a0b','2167e869-ac6d-4c67-bd2f-c928e2405da8','2023-07-21 07:51:07','2023-07-21 07:51:07','Tech'),('https://m.media-amazon.com/images/I/51BIvW0wX+L._AC_UL320_.jpg','442c017a-93d1-4c9c-b61c-dc2838509e11','21ff7f5a-e03f-4981-94d6-13e3410fa8d4','2023-07-21 07:51:06','2023-07-21 07:51:06','Jewelry'),('https://m.media-amazon.com/images/I/51AlLW71o2L._AC_SL1000_.jpg','a12ddeda-c77d-494d-b47f-a0fb3a439d37','222c86b9-fe59-4ca1-af8c-c573030732eb','2023-07-21 07:51:07','2023-07-21 07:51:07','Tech'),('https://m.media-amazon.com/images/I/713VGdjL60L._AC_SY500._SX._UX._SY._UY_.jpg','026f258f-029a-468d-b9da-f58a05394cdd','2239f5df-763f-41e9-8285-53e7a08d3b4f','2023-07-21 07:51:06','2023-07-21 07:51:06','Dressings'),('https://m.media-amazon.com/images/I/81HINq4uPpS._AC_UX695_.jpg','fdc4f7e7-aef3-4b65-bbce-bdce876f712a','2273e1fd-4b66-498d-b1f9-76b1d2ef6866','2023-07-21 07:51:06','2023-07-21 07:51:06','Shoe'),('https://m.media-amazon.com/images/I/61UtiVRLVTL._AC_SL1500_.jpg','8ed00632-6ca6-4410-90a3-548c26d7d474','2299b557-a702-4863-8ac1-5d98c2eb295d','2023-07-21 07:51:07','2023-07-21 07:51:07','Tech'),('https://m.media-amazon.com/images/I/81OqvlERnZL._AC_UY695_.jpg','bc86a2ee-0fb1-429f-a054-21bcbec90cf5','22e335a2-df63-494f-8a10-05def8e5883e','2023-07-21 07:51:07','2023-07-21 07:51:07','Shoe'),('https://m.media-amazon.com/images/I/71RfnqZM1iS._AC_UY695_.jpg','fdc4f7e7-aef3-4b65-bbce-bdce876f712a','23845e5f-483f-4ccd-8980-304193b48300','2023-07-21 07:51:06','2023-07-21 07:51:06','Shoe'),('https://m.media-amazon.com/images/I/71UjH2uALyL._AC_SL1500_.jpg','9485543b-1a6e-4953-b4c5-6ac382696680','24f2e0ba-1861-4e90-9d4a-b5b34f3be382','2023-07-21 07:51:07','2023-07-21 07:51:07','Tech'),('https://m.media-amazon.com/images/I/61ObgYvS4pL._AC_SL1500_.jpg','6f2fdf38-45b7-4b7f-9065-1100d02f130f','25b7756e-ace8-4682-b72c-bd86db4462e0','2023-07-21 07:51:07','2023-07-21 07:51:07','Tech'),('https://m.media-amazon.com/images/I/71AkqIKmafL._AC_UY695_.jpg','166bb276-c3df-4f80-9d64-6adbba147671','2694cc2d-e6cf-4bcc-8de8-f03aafa3df90','2023-07-21 07:51:07','2023-07-21 07:51:07','Shoe'),('https://m.media-amazon.com/images/I/71uaqiNBzoS._AC_SX679._SX._UX._SY._UY_.jpg','a30ce98f-ed21-449a-b7e7-1636dc787912','27d9ece6-ac45-4f38-9ff2-0c87901249bd','2023-07-21 07:51:06','2023-07-21 07:51:06','Jewelry'),('https://m.media-amazon.com/images/I/71SF03OXgxL._AC_UL320_.jpg','8d47e017-b57b-4270-a32b-46e843dbc5e1','27fc41d2-727c-43a0-9b09-8e30d1effd5f','2023-07-21 07:51:06','2023-07-21 07:51:06','Jewelry'),('https://m.media-amazon.com/images/I/41vBY3LXfQL._AC_.jpg','a3b34cb4-f91f-43b5-a4ee-8e2a55c7531c','283e5fd6-df86-42d1-ae97-a240490b29a4','2023-07-21 07:51:07','2023-07-21 07:51:07','Tech'),('https://m.media-amazon.com/images/I/51UxVnGwoAL._AC_UY695_.jpg','744f9e22-c8c9-4777-9d8c-86b4e90f961c','2924fb28-a6dc-4838-b5bc-030991be4fed','2023-07-21 07:51:07','2023-07-21 07:51:07','Shoe'),('https://m.media-amazon.com/images/I/61XILiwzF0L._AC_SL1500_.jpg','d88b26ca-be30-4ce7-ba2c-79d38a793f8c','29d2db66-0bbe-4db4-8bf6-9d889ccccf8f','2023-07-21 07:51:07','2023-07-21 07:51:07','Tech'),('https://m.media-amazon.com/images/I/91AI4yCnLBL._AC_SY679._SX._UX._SY._UY_.jpg','a30ce98f-ed21-449a-b7e7-1636dc787912','2a05ee2f-9393-417b-9df4-48bb66ef2c34','2023-07-21 07:51:06','2023-07-21 07:51:06','Jewelry'),('https://m.media-amazon.com/images/I/71RxQAwZj2L._AC_UL320_.jpg','8d47e017-b57b-4270-a32b-46e843dbc5e1','2a575cad-bec6-4083-9cb1-588c3b52b81d','2023-07-21 07:51:06','2023-07-21 07:51:06','Jewelry'),('https://m.media-amazon.com/images/I/51IO2Uu019L._AC_SL1500_.jpg','4e4210e3-e550-4fad-871b-270ee0abfd3b','2aae8952-d5ac-4944-91ec-c44a9d24f959','2023-07-21 07:51:07','2023-07-21 07:51:07','Tech'),('https://m.media-amazon.com/images/I/714FBLxykTL._AC_SL1500_.jpg','bd68e829-b730-43ab-a3f4-e3d5fcc8fca6','2bca188e-dcd7-4863-997f-177599a36319','2023-07-21 07:51:08','2023-07-21 07:51:08','Tech'),('https://m.media-amazon.com/images/I/71b1RNdO+jL._AC_SY500._SX._UX._SY._UY_.jpg','0a73ebbd-bbb2-4c85-980d-94ac8b478536','2c2aa517-832d-4e58-9c59-2fc8a12fb05a','2023-07-21 07:51:06','2023-07-21 07:51:06','Dressings'),('https://m.media-amazon.com/images/I/71JZSuHSLmL._AC_SL1500_.jpg','9227e19b-b1de-4758-8095-a858979a1a0b','2e1b2a4a-7583-4199-b24a-91a687161800','2023-07-21 07:51:07','2023-07-21 07:51:07','Tech'),('https://m.media-amazon.com/images/I/51cGlUCK5WL._AC_SL1000_.jpg','3f526b30-b937-460f-8fae-a78da1c7f771','2e98b231-d955-43cd-8f7c-407b1930a65c','2023-07-21 07:51:07','2023-07-21 07:51:07','Tech'),('https://m.media-amazon.com/images/I/51jOAz398DL._AC_UY695_.jpg','7a1049b0-7aba-43ee-8abf-2265f1508b1b','2f1e5692-ccf0-4037-b8ee-b3a7a1a4b789','2023-07-21 07:51:06','2023-07-21 07:51:06','Shoe'),('https://m.media-amazon.com/images/I/81739AvzTgL._AC_UX695_.jpg','2be439e5-a53e-4fea-8652-f7ae137c6bb4','2fa059a0-56dd-4ebd-923b-07b6b1b1edbf','2023-07-21 07:51:06','2023-07-21 07:51:06','Shoe'),('https://m.media-amazon.com/images/I/71jvbxyQ2TL._AC_SL1500_.jpg','a3b34cb4-f91f-43b5-a4ee-8e2a55c7531c','300dee6e-e8bf-436e-95d1-7a130c887963','2023-07-21 07:51:07','2023-07-21 07:51:07','Tech'),('https://m.media-amazon.com/images/I/81BmB0Mx2rL._AC_SL1500_.jpg','6c692122-5071-44c5-9396-4a58944ef72d','3068dcf0-0af4-49f0-b298-736d061303e7','2023-07-21 07:51:07','2023-07-21 07:51:07','Tech'),('https://m.media-amazon.com/images/I/71nduOwVEQL._AC_UX695_.jpg','e1d1e338-18ed-4c51-a6ec-fc081e1f957c','316bc1a9-0be1-4e21-baf0-c3fef8c14aa5','2023-07-21 07:51:07','2023-07-21 07:51:07','Shoe'),('https://m.media-amazon.com/images/I/71LdGWdDVxL._AC_UL320_.jpg','909d03c3-6e1e-44f6-9524-bdd80fdfec0e','31f2d471-281f-47c3-9976-3b36dd1939c1','2023-07-21 07:51:06','2023-07-21 07:51:06','Dressings'),('https://m.media-amazon.com/images/I/61aZPrFYJZL._AC_SL1000_.jpg','6b26d22f-5d24-4c85-a2c5-49536f6cb890','32cb2d76-542e-42b1-a382-7d98895db1a3','2023-07-21 07:51:07','2023-07-21 07:51:07','Tech'),('https://m.media-amazon.com/images/I/61BENIhgB1L._AC_SL1500_.jpg','cf4cd263-cdea-4b94-9ad0-72ff586eaa0b','33b0f451-b995-467f-a503-b4c923baeb7a','2023-07-21 07:51:07','2023-07-21 07:51:07','Tech'),('https://m.media-amazon.com/images/I/71a1qTPpg-L._AC_SL1500_.jpg','cf4cd263-cdea-4b94-9ad0-72ff586eaa0b','33ee6f3e-900d-48c3-b49f-114fb601401c','2023-07-21 07:51:07','2023-07-21 07:51:07','Tech'),('https://m.media-amazon.com/images/I/51+AZ4oGvqL._AC_SL1500_.jpg','e08d23ba-29f6-495d-87b2-9b95ac83d1ba','3433c364-b0a6-4da6-994e-bb3926b63aeb','2023-07-21 07:51:07','2023-07-21 07:51:07','Tech'),('https://m.media-amazon.com/images/I/71a6EA47ToL._AC_UX695_.jpg','e1d1e338-18ed-4c51-a6ec-fc081e1f957c','353ee485-7e7e-43be-891c-16fff69cbe1b','2023-07-21 07:51:07','2023-07-21 07:51:07','Shoe'),('https://m.media-amazon.com/images/I/81cuTtP+n6L._AC_UX695_.jpg','8fede923-807a-45d0-9ba2-8518d3b1b5cb','355e9e67-ff2d-4ee1-bd2e-a729844ff16d','2023-07-21 07:51:06','2023-07-21 07:51:06','Shoe'),('https://m.media-amazon.com/images/I/71eFYMiAodL._AC_SL1500_.jpg','868660f5-dd8e-419c-90cd-c8bfde1246e4','3597fde2-3bc9-4361-8394-ec2ed35177ea','2023-07-21 07:51:07','2023-07-21 07:51:07','Tech'),('https://m.media-amazon.com/images/I/713k3iW5ciL._AC_UX425_.jpg','0da4a806-0a4d-426d-ad1c-4fe0ffae554c','35e589e5-5498-4ab9-b11c-81ad92d7986b','2023-07-21 07:51:06','2023-07-21 07:51:06','Dressings'),('https://m.media-amazon.com/images/I/51Pk8mp2WjL._AC_UX466_.jpg','7beab75c-9bca-4996-866e-1d4b1188cb01','36865122-f2a6-4222-96c0-2af0ce5d6541','2023-07-21 07:51:06','2023-07-21 07:51:06','Dressings'),('https://m.media-amazon.com/images/I/717fgoNKLkS._AC_UX695_.jpg','fdc4f7e7-aef3-4b65-bbce-bdce876f712a','3766a5f2-6ce4-4615-9daf-d78569af68d8','2023-07-21 07:51:06','2023-07-21 07:51:06','Shoe'),('https://m.media-amazon.com/images/I/61GiUyKsKYL._AC_UX695_.jpg','d1046187-33b2-4f78-a993-d535852b535b','384a9e98-0332-4b8b-a3e4-ed9856f20c72','2023-07-21 07:51:06','2023-07-21 07:51:06','Shoe'),('https://m.media-amazon.com/images/I/81Zk+jwfOeL._AC_SL1500_.jpg','6b26d22f-5d24-4c85-a2c5-49536f6cb890','387eb2e2-25f2-48e8-805b-a93444f94db8','2023-07-21 07:51:07','2023-07-21 07:51:07','Tech'),('https://m.media-amazon.com/images/I/71k8LD845OL._AC_UX425_.jpg','f39125e5-22fd-43ca-8a3f-3e758e46b0f1','38f92dc4-0683-4bea-9979-ed231e03a36a','2023-07-21 07:51:05','2023-07-21 07:51:05','Dressings'),('https://m.media-amazon.com/images/I/51bQ0ph8akL._AC_UX522_.jpg','49397821-6850-4638-b9d1-1f89d6de9fdb','39bbeb94-3c5c-4d98-b8de-42248b88ee2b','2023-07-21 07:51:06','2023-07-21 07:51:06','Dressings'),('https://m.media-amazon.com/images/I/71C1ZyHWroL._AC_UX466_.jpg','0411035d-227d-4e2d-9b16-ec053d293b2a','3a3994c6-6638-4705-add1-ecb92621fb13','2023-07-21 07:51:06','2023-07-21 07:51:06','Dressings'),('https://m.media-amazon.com/images/I/61dNAU6PgxL._AC_SL1500_.jpg','cf4cd263-cdea-4b94-9ad0-72ff586eaa0b','3a573e6e-46ad-4709-b769-963792615fb3','2023-07-21 07:51:07','2023-07-21 07:51:07','Tech'),('https://m.media-amazon.com/images/I/81Ci2eDdZEL._SL1500_.jpg','c36b3974-647c-42b3-8a9c-9d4382f55f16','3a652b6f-042d-462d-9c31-15012f2bc72a','2023-07-21 07:51:07','2023-07-21 07:51:07','Tech'),('https://m.media-amazon.com/images/I/614LR8w8UpL._AC_SL1500_.jpg','65e5bbb6-e11c-460d-9910-696216326a99','3ab320ef-94c7-491c-aeec-2c65e510d78a','2023-07-21 07:51:07','2023-07-21 07:51:07','Tech'),('https://m.media-amazon.com/images/I/71wSoXn0NBL._AC_SL1500_.jpg','e08d23ba-29f6-495d-87b2-9b95ac83d1ba','3bb937d2-fb64-408a-8e56-b09f4b40f426','2023-07-21 07:51:07','2023-07-21 07:51:07','Tech'),('https://m.media-amazon.com/images/I/81wkTz-+xAL._AC_SL1500_.jpg','9227e19b-b1de-4758-8095-a858979a1a0b','3be3f088-6763-4a61-a5b7-4002fc644f2e','2023-07-21 07:51:07','2023-07-21 07:51:07','Tech'),('https://m.media-amazon.com/images/I/919Hht2azRL._AC_UY500_.jpg','aee4a3fb-95d6-4807-8588-a7fdbd3bc548','3c6d2598-4ff1-4eb4-b981-2638eebd0307','2023-07-21 07:51:06','2023-07-21 07:51:06','Dressings'),('https://m.media-amazon.com/images/I/61Uy4GVp-UL._AC_SL1500_.jpg','4fc75c04-09b3-430e-a1a4-0944debee17a','3d03d702-f1c7-4467-a69c-6a16f461726e','2023-07-21 07:51:07','2023-07-21 07:51:07','Tech'),('https://m.media-amazon.com/images/I/71U+rTvPiwL._AC_UX522_.jpg','b2664da8-8a43-4588-98aa-1ed259a76980','3de7a22b-ab69-43db-8eba-8d99e49f6fcf','2023-07-21 07:51:06','2023-07-21 07:51:06','Dressings'),('https://m.media-amazon.com/images/I/81hzxXdGcHL._SL1500_.jpg','7c97351c-6fc0-492a-845f-89e0e22f7984','3e5cec77-6dfb-4673-91c6-4d93cfcf9fa7','2023-07-21 07:51:07','2023-07-21 07:51:07','Tech'),('https://m.media-amazon.com/images/I/710w8ZxQhfL._AC_UX695_.jpg','94f057c9-1172-410f-a6ff-56ea94aee0db','3f6ab126-5d8b-4ba9-bed9-105d6cdd95d0','2023-07-21 07:51:07','2023-07-21 07:51:07','Shoe'),('https://m.media-amazon.com/images/I/51+WXQq19OL._AC_UL320_.jpg','8d47e017-b57b-4270-a32b-46e843dbc5e1','40df69a7-76fc-46f7-a90c-aa6688a0af67','2023-07-21 07:51:06','2023-07-21 07:51:06','Jewelry'),('https://m.media-amazon.com/images/I/81rjL+YM7vL._AC_UX695_.jpg','ee441902-3efa-44fc-a4b1-62d5bb1482f3','417609ca-f3d9-4f7e-97b8-62712f758432','2023-07-21 07:51:06','2023-07-21 07:51:06','Shoe'),('https://m.media-amazon.com/images/I/610MP0Lcb9L._AC_SL1500_.jpg','9485543b-1a6e-4953-b4c5-6ac382696680','425a8aba-f05b-420d-9c12-a636cdc36457','2023-07-21 07:51:07','2023-07-21 07:51:07','Tech'),('https://m.media-amazon.com/images/I/51P5Q3RFnGL._AC_SL1000_.jpg','868660f5-dd8e-419c-90cd-c8bfde1246e4','426c4068-beb8-4802-9f26-58fbccd69cad','2023-07-21 07:51:07','2023-07-21 07:51:07','Tech'),('https://m.media-amazon.com/images/I/71gTVrX7NiL._AC_SL1500_.jpg','23602b20-d93a-4fc9-9092-db1827abffdf','44dc28c9-65c1-4dae-9342-78c9a2de28e2','2023-07-21 07:51:07','2023-07-21 07:51:07','Tech'),('https://m.media-amazon.com/images/I/61z3+HY70qL._AC_UY695_.jpg','a8c768de-8790-469b-920a-918774e98af1','45800ccf-16fd-466c-9284-d3a31c8321b3','2023-07-21 07:51:06','2023-07-21 07:51:06','Shoe'),('https://m.media-amazon.com/images/I/71EWRyqzw0L._AC_SL1500_.jpg','6bc6c7d2-7eea-41ed-86d3-8e971c1bb205','4621d72e-87a7-45d5-bcae-9f082804289e','2023-07-21 07:51:08','2023-07-21 07:51:08','Tech'),('https://m.media-amazon.com/images/I/51NkWI6GdYL._AC_UX522_.jpg','d8dda315-fc28-4f05-9d6f-dd2fbbf5f1a3','465dea38-3a82-4fcd-b661-07c9b58f5436','2023-07-21 07:51:06','2023-07-21 07:51:06','Dressings'),('https://m.media-amazon.com/images/I/61n9ULVO6KL._AC_UX695_.jpg','7a1049b0-7aba-43ee-8abf-2265f1508b1b','4661d677-4a57-494f-95b9-5409227e5527','2023-07-21 07:51:06','2023-07-21 07:51:06','Shoe'),('https://m.media-amazon.com/images/I/61b98tZQXaL._AC_UL320_.jpg','cdc1df4d-009c-415e-9845-d79de76af282','46c1f518-e827-4cc2-9234-38e3910aa14a','2023-07-21 07:51:06','2023-07-21 07:51:06','Dressings'),('https://m.media-amazon.com/images/I/61XRnO1N0nL._AC_UY500_.jpg','026f258f-029a-468d-b9da-f58a05394cdd','488f72b3-cc50-4766-bae4-76ca4a262c81','2023-07-21 07:51:06','2023-07-21 07:51:06','Dressings'),('https://m.media-amazon.com/images/I/71NsjJ9Hj9L._AC_SL1500_.jpg','868660f5-dd8e-419c-90cd-c8bfde1246e4','493a481d-9ad9-4c28-b008-9c2612bef032','2023-07-21 07:51:07','2023-07-21 07:51:07','Tech'),('https://m.media-amazon.com/images/I/61-iymvpDxS._AC_UY695_.jpg','e1a995fe-9e63-46dd-bc2a-f65f9ed76499','4aa5be5e-5ca6-4e18-8da9-61fee97b720d','2023-07-21 07:51:06','2023-07-21 07:51:06','Shoe'),('https://m.media-amazon.com/images/I/8187O4gXUML._AC_UY695_.jpg','a8c768de-8790-469b-920a-918774e98af1','4ad19c66-8751-4664-8ac2-29f2f0080862','2023-07-21 07:51:06','2023-07-21 07:51:06','Shoe'),('https://m.media-amazon.com/images/I/71984RN0OeL._AC_UY695_.jpg','bc86a2ee-0fb1-429f-a054-21bcbec90cf5','4af55aa6-6a20-4a71-ae44-abf216555560','2023-07-21 07:51:07','2023-07-21 07:51:07','Shoe'),('https://m.media-amazon.com/images/I/81U97fviCDL._AC_UY500_.jpg','b0959dcf-69ce-4fe8-b184-2dd2d963efb9','4bb69198-3a40-45c4-80ba-f1933c06b3bb','2023-07-21 07:51:06','2023-07-21 07:51:06','Dressings'),('https://m.media-amazon.com/images/I/51RF3hTC0zL._AC_UY695_.jpg','d1046187-33b2-4f78-a993-d535852b535b','4d2735a0-91a2-4ce4-a425-b4a280829559','2023-07-21 07:51:06','2023-07-21 07:51:06','Shoe'),('https://m.media-amazon.com/images/I/711G4iluNwL._AC_UX695_.jpg','2be439e5-a53e-4fea-8652-f7ae137c6bb4','4d7b11e6-6c60-42a2-a458-b3f6ae739536','2023-07-21 07:51:06','2023-07-21 07:51:06','Shoe'),('https://m.media-amazon.com/images/I/61iOfz0c9VS._AC_UX425_.jpg','3587f49b-d98e-440e-a79a-6e99b63f3968','4d83ca71-61e6-4d71-a407-5110478e49c3','2023-07-21 07:51:06','2023-07-21 07:51:06','Dressings'),('https://m.media-amazon.com/images/I/71UXPOp2wbL._AC_UX522_.jpg','69e39283-3818-4910-b998-b7835756c480','4f0edb05-cc2c-4b25-bc39-5116468668fb','2023-07-21 07:51:05','2023-07-21 07:51:05','Dressings'),('https://m.media-amazon.com/images/I/71uqDWv+aRS._AC_UY695_.jpg','e1a995fe-9e63-46dd-bc2a-f65f9ed76499','4f704542-4fe4-47bc-bbb6-12e88c281d36','2023-07-21 07:51:06','2023-07-21 07:51:06','Shoe'),('https://m.media-amazon.com/images/I/71DUz6qs8yL._AC_SL1500_.jpg','fb3ce369-b54f-415e-bfc0-14a478a7a443','50a1f04f-b2bd-4b20-8650-e8182c23de5b','2023-07-21 07:51:07','2023-07-21 07:51:07','Tech'),('https://m.media-amazon.com/images/I/41l8vBfYADL._AC_UX385_.jpg','863fe762-cad4-46ac-af4d-5abd9989ae16','5137b8dc-431b-4eda-be17-696de6673582','2023-07-21 07:51:06','2023-07-21 07:51:06','Dressings'),('https://m.media-amazon.com/images/I/615b0WFctML._AC_UX695_.jpg','94f057c9-1172-410f-a6ff-56ea94aee0db','520becf8-27d9-4002-8975-848a52b984f5','2023-07-21 07:51:07','2023-07-21 07:51:07','Shoe'),('https://m.media-amazon.com/images/I/61cz1B793YL._AC_SL1000_.jpg','a12ddeda-c77d-494d-b47f-a0fb3a439d37','527b8c65-e44b-49db-be64-fbcee91dd63c','2023-07-21 07:51:07','2023-07-21 07:51:07','Tech'),('https://m.media-amazon.com/images/I/81qF9LbB4ZL._AC_UX695_.jpg','e1d1e338-18ed-4c51-a6ec-fc081e1f957c','53048ae1-fa33-4dd1-b78c-19cba4788865','2023-07-21 07:51:07','2023-07-21 07:51:07','Shoe'),('https://m.media-amazon.com/images/I/61tNMMvsqyL._AC_UX695_.jpg','94f057c9-1172-410f-a6ff-56ea94aee0db','53580d28-2e68-443f-ba93-f224aa087780','2023-07-21 07:51:07','2023-07-21 07:51:07','Shoe'),('https://m.media-amazon.com/images/I/51DSl4UAfIL._AC_UL320_.jpg','442c017a-93d1-4c9c-b61c-dc2838509e11','538d0473-c067-4892-bc79-25db7fc0d4fa','2023-07-21 07:51:06','2023-07-21 07:51:06','Jewelry'),('https://m.media-amazon.com/images/I/61lgqzzXNcL._AC_UX522_.jpg','3a8a20b7-cc36-4efd-8c0e-b8cfff6838c0','53d24ee8-1162-40b5-8cbd-907299008f0b','2023-07-21 07:51:06','2023-07-21 07:51:06','Dressings'),('https://m.media-amazon.com/images/I/71+hjk3SYML._AC_UY695_.jpg','6c255b48-b729-4697-ac93-6fb4bd7fe5eb','54585717-c58e-4e95-b1c6-4230320dcfdc','2023-07-21 07:51:07','2023-07-21 07:51:07','Shoe'),('https://m.media-amazon.com/images/I/51yRvmA7YcL._AC_UX695_.jpg','e1a995fe-9e63-46dd-bc2a-f65f9ed76499','54910184-1816-4203-97ab-9d4222a750f6','2023-07-21 07:51:06','2023-07-21 07:51:06','Shoe'),('https://m.media-amazon.com/images/I/71sQ1on0fuL._AC_SL1500_.jpg','6bc6c7d2-7eea-41ed-86d3-8e971c1bb205','549ac560-c4d9-4927-a819-94182ce5142b','2023-07-21 07:51:08','2023-07-21 07:51:08','Tech'),('https://m.media-amazon.com/images/I/81XhRT3l8yL._AC_UY500_.jpg','aee4a3fb-95d6-4807-8588-a7fdbd3bc548','54c47d9f-1d75-4472-bfe5-4b277bda59b7','2023-07-21 07:51:06','2023-07-21 07:51:06','Dressings'),('https://m.media-amazon.com/images/I/61NxWlAdrpL._AC_UY500_.jpg','026f258f-029a-468d-b9da-f58a05394cdd','5680ab33-c9c4-44bb-acfc-1b15de92e106','2023-07-21 07:51:06','2023-07-21 07:51:06','Dressings'),('https://m.media-amazon.com/images/I/71H-NTbHk0L._AC_SL1500_.jpg','65e5bbb6-e11c-460d-9910-696216326a99','5777435c-66c6-4562-8105-a0efe19ccf97','2023-07-21 07:51:07','2023-07-21 07:51:07','Tech'),('https://m.media-amazon.com/images/I/51VtkoRFH4S._AC_UX466_.jpg','5bde2f72-be44-4e1d-b3a9-b1fde211c83e','581a5982-dd2a-4620-9d9e-148ef7af5f48','2023-07-21 07:51:06','2023-07-21 07:51:06','Dressings'),('https://m.media-amazon.com/images/I/6192EALD6JL._AC_SL1500_.jpg','ff09cbce-9acb-4dfa-a71f-0c2b4d4f51ea','58622178-d2d6-470b-8750-0d18c5a65339','2023-07-21 07:51:07','2023-07-21 07:51:07','Tech'),('https://m.media-amazon.com/images/I/619g6AqwGeL._AC_UX522_.jpg','3a8a20b7-cc36-4efd-8c0e-b8cfff6838c0','588ce96f-a3c1-4e68-86c5-77c641fb6ff2','2023-07-21 07:51:06','2023-07-21 07:51:06','Dressings'),('https://m.media-amazon.com/images/I/91CdSCIxNZL._AC_UL320_.jpg','909d03c3-6e1e-44f6-9524-bdd80fdfec0e','5ca284b6-88ef-47a2-9199-d2e955def04a','2023-07-21 07:51:06','2023-07-21 07:51:06','Dressings'),('https://m.media-amazon.com/images/I/61pwkNVg0pL._AC_UX695_.jpg','bc86a2ee-0fb1-429f-a054-21bcbec90cf5','5cc41a04-7156-495f-82a7-1bcd76de866d','2023-07-21 07:51:07','2023-07-21 07:51:07','Shoe'),('https://m.media-amazon.com/images/I/61fkgoWGiwL._AC_UY695_.jpg','744f9e22-c8c9-4777-9d8c-86b4e90f961c','5d172d4d-dd6e-4e51-8128-e52f9c6d784b','2023-07-21 07:51:07','2023-07-21 07:51:07','Shoe'),('https://m.media-amazon.com/images/I/61dZiWSQqVL._AC_SL1000_.jpg','3f526b30-b937-460f-8fae-a78da1c7f771','5ddab6fb-3c57-405b-a229-52dcc2eada4d','2023-07-21 07:51:07','2023-07-21 07:51:07','Tech'),('https://m.media-amazon.com/images/I/919v9a1vAFL._AC_SL1500_.jpg','bd68e829-b730-43ab-a3f4-e3d5fcc8fca6','5e6cf8ed-8ee8-4e79-86c7-4b96cc402931','2023-07-21 07:51:08','2023-07-21 07:51:08','Tech'),('https://m.media-amazon.com/images/I/718Zj3adZ0L._AC_UY500_.jpg','2c2cd2f8-b3f3-43c2-a532-f09355289d3a','6078fa3e-4b51-45f3-9dba-22a144f25471','2023-07-21 07:51:06','2023-07-21 07:51:06','Dressings'),('https://m.media-amazon.com/images/I/61Hv5iLNQBS._AC_SY695._SX._UX._SY._UY_.jpg','9a2097a2-ef57-4385-91bc-8879b992acf4','611d7803-7081-4e17-870c-0ab483fac354','2023-07-21 07:51:06','2023-07-21 07:51:06','Shoe'),('https://m.media-amazon.com/images/I/61YNZiYKS+L._AC_SL1500_.jpg','4fc75c04-09b3-430e-a1a4-0944debee17a','619532e4-a4fd-421b-b068-16ccc2165f7c','2023-07-21 07:51:07','2023-07-21 07:51:07','Tech'),('https://m.media-amazon.com/images/I/712m3KgbW6L._AC_UX425_.jpg','b8f9756e-2282-4df7-8652-f6b781644d00','63206fd9-5411-4140-ab18-6d011e58d47b','2023-07-21 07:51:06','2023-07-21 07:51:06','Jewelry'),('https://m.media-amazon.com/images/I/71EDbHLemlL._AC_UX466_.jpg','5bde2f72-be44-4e1d-b3a9-b1fde211c83e','64445f1d-de3c-4462-b3fc-eed03a1692c3','2023-07-21 07:51:06','2023-07-21 07:51:06','Dressings'),('https://m.media-amazon.com/images/I/71k8LD845OL._AC_UX425_.jpg','f39125e5-22fd-43ca-8a3f-3e758e46b0f1','65119242-d6da-40f1-b1a2-561e95573218','2023-07-21 07:51:05','2023-07-21 07:51:05','Dressings'),('https://m.media-amazon.com/images/I/61wWEtFBJQL._AC_SL1500_.jpg','6c692122-5071-44c5-9396-4a58944ef72d','6621aaa7-e3e4-469b-b4da-4732e5837335','2023-07-21 07:51:07','2023-07-21 07:51:07','Tech'),('https://m.media-amazon.com/images/I/61kC1LVhhbL._AC_SL1500_.jpg','6b26d22f-5d24-4c85-a2c5-49536f6cb890','669e6d7e-76c6-431b-8a82-41f021d7fc78','2023-07-21 07:51:07','2023-07-21 07:51:07','Tech'),('https://m.media-amazon.com/images/I/71xqwhmVO5L._AC_SL1500_.jpg','8ed00632-6ca6-4410-90a3-548c26d7d474','66d8106f-43cb-452e-a865-14eba6140d94','2023-07-21 07:51:07','2023-07-21 07:51:07','Tech'),('https://m.media-amazon.com/images/I/61zhtolx8lL._AC_UY500_.jpg','16ae3660-cddb-494c-9c46-16b4c2c438ea','680986c4-4c92-4b89-ba16-fc58e57f62dc','2023-07-21 07:51:06','2023-07-21 07:51:06','Jewelry'),('https://m.media-amazon.com/images/I/71ZSeQAbeGL._AC_UX695_.jpg','16ae3660-cddb-494c-9c46-16b4c2c438ea','68e2aaec-bc7a-4926-872e-fb131655e35d','2023-07-21 07:51:06','2023-07-21 07:51:06','Jewelry'),('https://m.media-amazon.com/images/I/61uS79x9wUL._AC_UL320_.jpg','49862d1f-57b6-41eb-b89f-73ccc097a4fe','692a2599-a44f-45ed-9351-ec1760b39a31','2023-07-21 07:51:06','2023-07-21 07:51:06','Jewelry'),('https://m.media-amazon.com/images/I/71ymHEkCcNL._AC_SL1500_.jpg','e08d23ba-29f6-495d-87b2-9b95ac83d1ba','697e0856-00d5-4737-a0b4-43fcf101d86f','2023-07-21 07:51:07','2023-07-21 07:51:07','Tech'),('https://m.media-amazon.com/images/I/91prscseYNL._AC_UL320_.jpg','909d03c3-6e1e-44f6-9524-bdd80fdfec0e','69d74df8-86c1-4f2f-9bb5-a970403dae7a','2023-07-21 07:51:06','2023-07-21 07:51:06','Dressings'),('https://m.media-amazon.com/images/I/61PeLG59nnL._AC_UX385_.jpg','3587f49b-d98e-440e-a79a-6e99b63f3968','6a31a7a3-2a22-4162-a0f9-ab6b23e2d594','2023-07-21 07:51:06','2023-07-21 07:51:06','Dressings'),('https://m.media-amazon.com/images/I/61IihwOpt8L._AC_UX695_.jpg','5aeaa9d4-ebdb-49e7-9799-935fdfcb3d7f','6aeacfaf-d78d-485d-ae21-362f2918c063','2023-07-21 07:51:07','2023-07-21 07:51:07','Shoe'),('https://m.media-amazon.com/images/I/61CCrvSSesL._AC_UY695_.jpg','166bb276-c3df-4f80-9d64-6adbba147671','6ca2196c-7655-4959-a551-e5d11e401bd6','2023-07-21 07:51:07','2023-07-21 07:51:07','Shoe'),('https://m.media-amazon.com/images/I/71skpkypBML._AC_UY500_.jpg','442c017a-93d1-4c9c-b61c-dc2838509e11','6e1b78cf-e2d2-48be-9858-ffd6e62dc5ec','2023-07-21 07:51:06','2023-07-21 07:51:06','Jewelry'),('https://m.media-amazon.com/images/I/716rkVkSOGL._AC_SL1500_.jpg','ff09cbce-9acb-4dfa-a71f-0c2b4d4f51ea','6f3b061c-4dde-4579-8e0b-f524d1935499','2023-07-21 07:51:07','2023-07-21 07:51:07','Tech'),('https://m.media-amazon.com/images/I/51hrw0Ubs+L._SL1000_.jpg','7c97351c-6fc0-492a-845f-89e0e22f7984','714e0416-c561-42c2-878e-453e91995512','2023-07-21 07:51:07','2023-07-21 07:51:07','Tech'),('https://m.media-amazon.com/images/I/91Wrk-ME8gL._AC_UY500_.jpg','c1bb35cd-cc6e-42b6-b8cd-a5ac3d3d8a46','719ff009-de99-494f-b2fe-4d34ee906cb2','2023-07-21 07:51:06','2023-07-21 07:51:06','Dressings'),('https://m.media-amazon.com/images/I/81gTmnpyjGL._AC_SX522._SX._UX._SY._UY_.jpg','69e39283-3818-4910-b998-b7835756c480','71f4aefa-b130-4df6-8e25-56435ff09f50','2023-07-21 07:51:05','2023-07-21 07:51:05','Dressings'),('https://m.media-amazon.com/images/I/81HCr7u0c+L._AC_UY500_.jpg','46b515be-b7cb-4f7d-9757-52cd465d1dbc','72285c68-e042-4c40-ae94-da9ac09f38fa','2023-07-21 07:51:06','2023-07-21 07:51:06','Dressings'),('https://m.media-amazon.com/images/I/61CxCKixOdL._AC_UY500_.jpg','0a73ebbd-bbb2-4c85-980d-94ac8b478536','72eab0ce-fa73-4763-90fa-4b205b1100ca','2023-07-21 07:51:06','2023-07-21 07:51:06','Dressings'),('https://m.media-amazon.com/images/I/61AznaDWueL._AC_SY500._SX._UX._SY._UY_.jpg','3426fb90-9e94-453c-82d7-b1f0cec7c4bf','73168c46-b566-4851-9727-1b48696b9608','2023-07-21 07:51:06','2023-07-21 07:51:06','Dressings'),('https://m.media-amazon.com/images/I/717ckvXvIvL._AC_SL1500_.jpg','23602b20-d93a-4fc9-9092-db1827abffdf','73d299e7-20a6-4d40-acc4-6cc38e0fafa3','2023-07-21 07:51:07','2023-07-21 07:51:07','Tech'),('https://m.media-amazon.com/images/I/71WYok9of-L._AC_UX695_.jpg','8fede923-807a-45d0-9ba2-8518d3b1b5cb','7573c822-6fa7-4274-98ae-7d596e1de013','2023-07-21 07:51:06','2023-07-21 07:51:06','Shoe'),('https://m.media-amazon.com/images/I/71Wd7lv1bUL._AC_SL1500_.jpg','cf4cd263-cdea-4b94-9ad0-72ff586eaa0b','76c16c26-722f-46e8-a3c1-8753cbb39a84','2023-07-21 07:51:07','2023-07-21 07:51:07','Tech'),('https://m.media-amazon.com/images/I/71ZkVHK7tZL._AC_SL1500_.jpg','8ed00632-6ca6-4410-90a3-548c26d7d474','76c71369-714a-49dd-9b2b-bd5e3620feb1','2023-07-21 07:51:07','2023-07-21 07:51:07','Tech'),('https://m.media-amazon.com/images/I/81VUXmVJdkL._AC_UX695_.jpg','e1d1e338-18ed-4c51-a6ec-fc081e1f957c','7718f06b-a909-4d8c-8b37-fe3caa5c642f','2023-07-21 07:51:07','2023-07-21 07:51:07','Shoe'),('https://m.media-amazon.com/images/I/71eURNliuYL._AC_UY695_.jpg','1ff5b96b-0c65-47af-98fe-f102742eb78c','77af7dc8-f341-446e-9899-c1c3d99bd7e0','2023-07-21 07:51:07','2023-07-21 07:51:07','Shoe'),('https://m.media-amazon.com/images/I/61Y0-D0ELVL._AC_UY500_.jpg','b2664da8-8a43-4588-98aa-1ed259a76980','77f70e24-31cb-4727-a016-c2d77545c787','2023-07-21 07:51:06','2023-07-21 07:51:06','Dressings'),('https://m.media-amazon.com/images/I/81poAEn1TnL._AC_UX425_.jpg','3587f49b-d98e-440e-a79a-6e99b63f3968','786fa4b8-8796-4a0e-8293-104991f3e7d8','2023-07-21 07:51:06','2023-07-21 07:51:06','Dressings'),('https://m.media-amazon.com/images/I/71cllz2mLbL._AC_SL1500_.jpg','cf4cd263-cdea-4b94-9ad0-72ff586eaa0b','789ead11-3c20-49af-85e7-f42d0ba9e711','2023-07-21 07:51:07','2023-07-21 07:51:07','Tech'),('https://m.media-amazon.com/images/I/814JI0Tx6dL._AC_UX695_.jpg','ee441902-3efa-44fc-a4b1-62d5bb1482f3','78ff413e-6f52-402d-ad43-ed927ea64be0','2023-07-21 07:51:06','2023-07-21 07:51:06','Shoe'),('https://m.media-amazon.com/images/I/61XUv5nLUOL._AC_SL1000_.jpg','a3b34cb4-f91f-43b5-a4ee-8e2a55c7531c','7aafff39-527f-4805-9359-ae829b47f711','2023-07-21 07:51:07','2023-07-21 07:51:07','Tech'),('https://m.media-amazon.com/images/I/91FCvASH7xL._AC_UY500_.jpg','a0410e61-370e-4c71-b5ff-e2792cfc6358','7b46b1fb-9b25-4bbf-bc9c-d5c2396eea9f','2023-07-21 07:51:06','2023-07-21 07:51:06','Jewelry'),('https://m.media-amazon.com/images/I/71I7Dl1GSnL._AC_UX466_.jpg','0411035d-227d-4e2d-9b16-ec053d293b2a','7c6f6e0e-69d1-4b17-964c-e1042eb422d2','2023-07-21 07:51:06','2023-07-21 07:51:06','Dressings'),('https://m.media-amazon.com/images/I/81-sKek72NL._AC_UY695_.jpg','6c255b48-b729-4697-ac93-6fb4bd7fe5eb','7cd17cb4-7688-40a1-9fc9-8698dda5e205','2023-07-21 07:51:07','2023-07-21 07:51:07','Shoe'),('https://m.media-amazon.com/images/I/81ICfMUsJ3L._AC_UY500_.jpg','46b515be-b7cb-4f7d-9757-52cd465d1dbc','7d07eda8-df49-45d6-9083-6303db88bbd2','2023-07-21 07:51:06','2023-07-21 07:51:06','Dressings'),('https://m.media-amazon.com/images/I/51Qq-3tcVVL._AC_UY695_.jpg','5b2b295e-ac18-4fef-b99d-7d44a7f7f551','7df77639-7af8-4d03-9a39-a0d9606b2119','2023-07-21 07:51:07','2023-07-21 07:51:07','Shoe'),('https://m.media-amazon.com/images/I/71SOUtEc3JL._AC_SL1000_.jpg','3f526b30-b937-460f-8fae-a78da1c7f771','7e130733-c406-4f3f-a95c-35667bd1edac','2023-07-21 07:51:07','2023-07-21 07:51:07','Tech'),('https://m.media-amazon.com/images/I/71KTwMZ19OL._SL1500_.jpg','7c97351c-6fc0-492a-845f-89e0e22f7984','7e5d8866-ff4e-45d1-9684-d1bfdf86f97e','2023-07-21 07:51:07','2023-07-21 07:51:07','Tech'),('https://m.media-amazon.com/images/I/91GDwSlTJHL._AC_UY695_.jpg','bc86a2ee-0fb1-429f-a054-21bcbec90cf5','7e693246-e783-4672-be3b-4e0511cb13dc','2023-07-21 07:51:07','2023-07-21 07:51:07','Shoe'),('https://m.media-amazon.com/images/I/71SfS9mFmmL._AC_UX466_.jpg','0411035d-227d-4e2d-9b16-ec053d293b2a','7edbeb32-e82f-40c9-a2a6-cd321bfcf63f','2023-07-21 07:51:06','2023-07-21 07:51:06','Dressings'),('https://m.media-amazon.com/images/I/717IN+tZ3TL._AC_UX695_.jpg','17460404-0766-4ce3-bed1-b612416b4075','7ede6ad2-7770-41b4-a605-26f5ff76bcc4','2023-07-21 07:51:06','2023-07-21 07:51:06','Shoe'),('https://m.media-amazon.com/images/I/514rdmWAkAL._AC_SL1000_.jpg','a3b34cb4-f91f-43b5-a4ee-8e2a55c7531c','7efb2a82-9344-494f-a760-4f820d6b305f','2023-07-21 07:51:07','2023-07-21 07:51:07','Tech'),('https://m.media-amazon.com/images/I/61LTl1EG6VL._AC_UY695_.jpg','d1046187-33b2-4f78-a993-d535852b535b','7f2bd77d-1dd8-40ad-b4cf-822946d3d270','2023-07-21 07:51:06','2023-07-21 07:51:06','Shoe'),('https://m.media-amazon.com/images/I/71r7eWuCsaL._AC_UL320_.jpg','8d47e017-b57b-4270-a32b-46e843dbc5e1','7f8b1990-5e2b-489f-bd52-8e421425fb7b','2023-07-21 07:51:06','2023-07-21 07:51:06','Jewelry'),('https://m.media-amazon.com/images/I/71TnkWI2QwL._AC_UY500_.jpg','026f258f-029a-468d-b9da-f58a05394cdd','7fc2815c-40c0-433c-bbf5-1ae252f6ee44','2023-07-21 07:51:06','2023-07-21 07:51:06','Dressings'),('https://m.media-amazon.com/images/I/51X93ev5I4L._AC_SL1500_.jpg','4fc75c04-09b3-430e-a1a4-0944debee17a','802cb82d-037f-40bd-a6b3-7430df72a810','2023-07-21 07:51:07','2023-07-21 07:51:07','Tech'),('https://m.media-amazon.com/images/I/718YQ4BR1CL._AC_UX695_.jpg','17460404-0766-4ce3-bed1-b612416b4075','8065031b-2344-4a46-803e-1afddb9bf6eb','2023-07-21 07:51:06','2023-07-21 07:51:06','Shoe'),('https://m.media-amazon.com/images/I/61Ej9Rl7PrL._AC_SL1500_.jpg','e4412817-6f53-44b7-91b2-adb01233947a','8095e839-767e-4c55-8f02-0831b39c7897','2023-07-21 07:51:07','2023-07-21 07:51:07','Tech'),('https://m.media-amazon.com/images/I/61i-JdC0T4L._AC_UL320_.jpg','49862d1f-57b6-41eb-b89f-73ccc097a4fe','819aabc0-73e2-42a8-8f20-51ff7211a675','2023-07-21 07:51:06','2023-07-21 07:51:06','Jewelry'),('https://m.media-amazon.com/images/I/61h+twEpF8S._AC_UY695_.jpg','e1a995fe-9e63-46dd-bc2a-f65f9ed76499','82eeaec9-9427-4868-8398-ba190504c2a4','2023-07-21 07:51:06','2023-07-21 07:51:06','Shoe'),('https://m.media-amazon.com/images/I/81Eqgg0cvrL._AC_SL1500_.jpg','3f526b30-b937-460f-8fae-a78da1c7f771','833ed557-8e66-4867-940a-e4b83c10283d','2023-07-21 07:51:07','2023-07-21 07:51:07','Tech'),('https://m.media-amazon.com/images/I/61yxQRsEPJL._AC_SL1500_.jpg','9485543b-1a6e-4953-b4c5-6ac382696680','849a6ba8-88e5-4c88-a39a-27e910eeb372','2023-07-21 07:51:07','2023-07-21 07:51:07','Tech'),('https://m.media-amazon.com/images/I/81ENSkjPeDL._SY500_.jpg','16ae3660-cddb-494c-9c46-16b4c2c438ea','84a8be78-0d8f-4cc9-a4d1-550144d821f7','2023-07-21 07:51:06','2023-07-21 07:51:06','Jewelry'),('https://m.media-amazon.com/images/I/71AA93kzoxL._AC_UY695_.jpg','a8c768de-8790-469b-920a-918774e98af1','856f7ddc-48d0-4454-affa-c241edd874bb','2023-07-21 07:51:06','2023-07-21 07:51:06','Shoe'),('https://m.media-amazon.com/images/I/51zJRYlPSFL._AC_SL1500_.jpg','4e4210e3-e550-4fad-871b-270ee0abfd3b','85ef6d48-05b2-4c2c-8fc3-7ad28fa68090','2023-07-21 07:51:07','2023-07-21 07:51:07','Tech'),('https://m.media-amazon.com/images/I/716wRrjIGlL._AC_UY500_.jpg','b0959dcf-69ce-4fe8-b184-2dd2d963efb9','860b74d5-5725-490f-afac-2370fe6e2d45','2023-07-21 07:51:06','2023-07-21 07:51:06','Dressings'),('https://m.media-amazon.com/images/I/91O92vvXdFL._AC_UX522_.jpg','b8f9756e-2282-4df7-8652-f6b781644d00','86696e64-011b-4f16-94d1-c2d6cb94c284','2023-07-21 07:51:06','2023-07-21 07:51:06','Jewelry'),('https://m.media-amazon.com/images/I/71U3VmbxAEL._AC_SY500._SX._UX._SY._UY_.jpg','49862d1f-57b6-41eb-b89f-73ccc097a4fe','89a89bee-a7b5-41d6-8a98-941391b9a889','2023-07-21 07:51:06','2023-07-21 07:51:06','Jewelry'),('https://m.media-amazon.com/images/I/61+O7hJ2WgL._AC_SL1500_.jpg','6f2fdf38-45b7-4b7f-9065-1100d02f130f','8a33b6aa-d2d6-4679-8a3f-1d164d07e2c5','2023-07-21 07:51:07','2023-07-21 07:51:07','Tech'),('https://m.media-amazon.com/images/I/81U64nztmhL._AC_UL320_.jpg','8d47e017-b57b-4270-a32b-46e843dbc5e1','8be0bd5b-c51c-4542-88f5-c51bde436865','2023-07-21 07:51:06','2023-07-21 07:51:06','Jewelry'),('https://m.media-amazon.com/images/I/61CCnhkHjWL._AC_SL1500_.jpg','4fc75c04-09b3-430e-a1a4-0944debee17a','8c0b1b10-a522-46bc-abc2-633048cd511b','2023-07-21 07:51:07','2023-07-21 07:51:07','Tech'),('https://m.media-amazon.com/images/I/910978fCS5L._AC_UX425_.jpg','b8f9756e-2282-4df7-8652-f6b781644d00','8c5311a4-372f-425a-8b8f-a98ac345cf6a','2023-07-21 07:51:06','2023-07-21 07:51:06','Jewelry'),('https://m.media-amazon.com/images/I/71jJo+lZkmL._AC_SL1500_.jpg','0aa5380a-4fac-4d6c-8348-5b5f913b5cbd','8d1a4e90-4c4d-43cc-9521-f22e21fd26f6','2023-07-21 07:51:07','2023-07-21 07:51:07','Tech'),('https://m.media-amazon.com/images/I/71mqEQOs+mL._AC_UX695_.jpg','17460404-0766-4ce3-bed1-b612416b4075','8d31435c-a18c-41ee-b588-779ef767b7ae','2023-07-21 07:51:06','2023-07-21 07:51:06','Shoe'),('https://m.media-amazon.com/images/I/41hB0jk5MxL._AC_UL320_.jpg','35c0772f-57c2-4e61-bea3-ad42461786be','8f6b8ea7-182f-43b4-bbf9-cc2a817de024','2023-07-21 07:51:06','2023-07-21 07:51:06','Jewelry'),('https://m.media-amazon.com/images/I/81Os6umSyIL._AC_SL1500_.jpg','6bc6c7d2-7eea-41ed-86d3-8e971c1bb205','8fec92d6-0d80-4646-a5c3-42df5509b69d','2023-07-21 07:51:08','2023-07-21 07:51:08','Tech'),('https://m.media-amazon.com/images/I/71McBmzgXVL._AC_UY500_.jpg','2c2cd2f8-b3f3-43c2-a532-f09355289d3a','9151388d-c06c-46e3-a68e-5024bd7e405a','2023-07-21 07:51:06','2023-07-21 07:51:06','Dressings'),('https://m.media-amazon.com/images/I/81VcfdtNduL._AC_UX522_.jpg','b2664da8-8a43-4588-98aa-1ed259a76980','917f0dae-9426-44b3-b8c4-2fbd67af9c76','2023-07-21 07:51:06','2023-07-21 07:51:06','Dressings'),('https://m.media-amazon.com/images/I/51nTdLST-xL._AC_UY695_.jpg','5aeaa9d4-ebdb-49e7-9799-935fdfcb3d7f','91985440-a706-4bc9-af45-12c706bd09f6','2023-07-21 07:51:07','2023-07-21 07:51:07','Shoe'),('https://m.media-amazon.com/images/I/61QpDsZtGmL._AC_SL1500_.jpg','ff09cbce-9acb-4dfa-a71f-0c2b4d4f51ea','92aa6d3d-969f-48ea-9c7c-e105e3637d9e','2023-07-21 07:51:07','2023-07-21 07:51:07','Tech'),('https://m.media-amazon.com/images/I/51spUwY-dRL._AC_UX522_.jpg','d8dda315-fc28-4f05-9d6f-dd2fbbf5f1a3','92af8ada-dafb-4955-8dc5-91ab6e9ddd4a','2023-07-21 07:51:06','2023-07-21 07:51:06','Dressings'),('https://m.media-amazon.com/images/I/613chwH3U4L._AC_SL1000_.jpg','6b26d22f-5d24-4c85-a2c5-49536f6cb890','92e019de-d3a9-4dae-9818-6a4045637a4a','2023-07-21 07:51:07','2023-07-21 07:51:07','Tech'),('https://m.media-amazon.com/images/I/81dKwDmi5qL._AC_UY695_.jpg','6c255b48-b729-4697-ac93-6fb4bd7fe5eb','92e74e9f-c668-4b13-8751-04ba96912d97','2023-07-21 07:51:07','2023-07-21 07:51:07','Shoe'),('https://m.media-amazon.com/images/I/51CHPyFpnoL._AC_SL1500_.jpg','e08d23ba-29f6-495d-87b2-9b95ac83d1ba','92fc17ea-03df-45f4-9d40-20f67fc40104','2023-07-21 07:51:07','2023-07-21 07:51:07','Tech'),('https://m.media-amazon.com/images/I/81SZpq2ZaFL._AC_UY695_.jpg','ee441902-3efa-44fc-a4b1-62d5bb1482f3','931aa9bf-d8b0-4bb6-b96d-5b6640405795','2023-07-21 07:51:06','2023-07-21 07:51:06','Shoe'),('https://m.media-amazon.com/images/I/71BZt84XyGS._AC_SX695._SX._UX._SY._UY_.jpg','9a2097a2-ef57-4385-91bc-8879b992acf4','93330ffb-ebf0-4777-a823-481098ddc176','2023-07-21 07:51:06','2023-07-21 07:51:06','Shoe'),('https://m.media-amazon.com/images/I/51TFmMUGF1L._AC_.jpg','a30ce98f-ed21-449a-b7e7-1636dc787912','940ce65b-fc94-44a6-a225-461f6579696b','2023-07-21 07:51:06','2023-07-21 07:51:06','Jewelry'),('https://m.media-amazon.com/images/I/51TFmMUGF1L._AC_.jpg','a30ce98f-ed21-449a-b7e7-1636dc787912','94440eac-9ecc-4726-bd74-e005a0c3f58f','2023-07-21 07:51:06','2023-07-21 07:51:06','Jewelry'),('https://m.media-amazon.com/images/I/61HQy8D47fL._AC_UX695_.jpg','7a1049b0-7aba-43ee-8abf-2265f1508b1b','948a560b-a53e-43f8-97ae-b29934a5bd83','2023-07-21 07:51:06','2023-07-21 07:51:06','Shoe'),('https://m.media-amazon.com/images/I/61QPXTh0K9L._AC_SL1000_.jpg','3f526b30-b937-460f-8fae-a78da1c7f771','9498c321-bf22-4a3d-8a04-8c55acc92503','2023-07-21 07:51:07','2023-07-21 07:51:07','Tech'),('https://m.media-amazon.com/images/I/6193W1JZoiL._AC_SL1500_.jpg','65e5bbb6-e11c-460d-9910-696216326a99','94c56742-691d-4a7d-a377-4e4848ff6a4e','2023-07-21 07:51:07','2023-07-21 07:51:07','Tech'),('https://m.media-amazon.com/images/I/71GO79IeU8L._AC_SL1500_.jpg','868660f5-dd8e-419c-90cd-c8bfde1246e4','97895238-a475-46d4-b50f-a8b31fb0ca82','2023-07-21 07:51:07','2023-07-21 07:51:07','Tech'),('https://m.media-amazon.com/images/I/61LeG3f+8-L._AC_UX695_.jpg','5b2b295e-ac18-4fef-b99d-7d44a7f7f551','980320bb-552b-4548-87f5-a307bad119f1','2023-07-21 07:51:07','2023-07-21 07:51:07','Shoe'),('https://m.media-amazon.com/images/I/81EqEzFjSHL._AC_SL1500_.jpg','0aa5380a-4fac-4d6c-8348-5b5f913b5cbd','98412492-d3b6-448a-bc46-4ed0e55ce07f','2023-07-21 07:51:07','2023-07-21 07:51:07','Tech'),('https://m.media-amazon.com/images/I/81YNOQlofqL._AC_SY500._SX._UX._SY._UY_.jpg','69e39283-3818-4910-b998-b7835756c480','98e91863-3358-48be-8254-d1f936b4448c','2023-07-21 07:51:05','2023-07-21 07:51:05','Dressings'),('https://m.media-amazon.com/images/I/51V5boi3UqL._AC_SL1000_.jpg','a12ddeda-c77d-494d-b47f-a0fb3a439d37','991de1ae-d2ca-4b3f-958a-6c4017ac90fe','2023-07-21 07:51:07','2023-07-21 07:51:07','Tech'),('https://m.media-amazon.com/images/I/71CyznJEDjL._SL1500_.jpg','c36b3974-647c-42b3-8a9c-9d4382f55f16','99337771-f4c0-4531-b1ff-ada6bb43d302','2023-07-21 07:51:07','2023-07-21 07:51:07','Tech'),('https://m.media-amazon.com/images/I/91xuVRMPJtL._AC_UY500_.jpg','c1bb35cd-cc6e-42b6-b8cd-a5ac3d3d8a46','9b36c66b-7d35-4aba-beac-a6ba60a86cbb','2023-07-21 07:51:06','2023-07-21 07:51:06','Dressings'),('https://m.media-amazon.com/images/I/7196Kgq1VSL._AC_SL1500_.jpg','e4412817-6f53-44b7-91b2-adb01233947a','9b399a2f-ce13-4c08-be8e-9edfe94fed84','2023-07-21 07:51:07','2023-07-21 07:51:07','Tech'),('https://m.media-amazon.com/images/I/61UgdA9MdeL._AC_SL1500_.jpg','4e4210e3-e550-4fad-871b-270ee0abfd3b','9b646abd-e998-440a-ae07-688d4ac1d0f6','2023-07-21 07:51:07','2023-07-21 07:51:07','Tech'),('https://m.media-amazon.com/images/I/71JZza+8-UL._SY800_.jpg','16ae3660-cddb-494c-9c46-16b4c2c438ea','9d92f6bb-a0ae-4c20-9fca-ac150e3d79c8','2023-07-21 07:51:06','2023-07-21 07:51:06','Jewelry'),('https://m.media-amazon.com/images/I/91t3+vS3DJL._AC_SY500._SX._UX._SY._UY_.jpg','69e39283-3818-4910-b998-b7835756c480','9dd38a3e-fc3f-4f36-ae39-60ccee23c2ce','2023-07-21 07:51:05','2023-07-21 07:51:05','Dressings'),('https://m.media-amazon.com/images/I/71GPZzr-vsL._AC_UX425_.jpg','c1bb35cd-cc6e-42b6-b8cd-a5ac3d3d8a46','9e08f18a-1e9a-483b-a49f-3a96a307e782','2023-07-21 07:51:06','2023-07-21 07:51:06','Dressings'),('https://m.media-amazon.com/images/I/61ND8w6ptNL._AC_UX695_.jpg','17460404-0766-4ce3-bed1-b612416b4075','9f21b494-12b0-4b53-ba28-8a54c92f7c06','2023-07-21 07:51:06','2023-07-21 07:51:06','Shoe'),('https://m.media-amazon.com/images/I/71srtYmkewS._AC_UY695_.jpg','e1a995fe-9e63-46dd-bc2a-f65f9ed76499','9fa1669e-dc93-417b-a7b3-e5eaae6465aa','2023-07-21 07:51:06','2023-07-21 07:51:06','Shoe'),('https://m.media-amazon.com/images/I/61DYIW9HDVL._AC_UX466_.jpg','7beab75c-9bca-4996-866e-1d4b1188cb01','a09bf94a-3ac2-42ce-aab3-d78821b0bdef','2023-07-21 07:51:06','2023-07-21 07:51:06','Dressings'),('https://m.media-amazon.com/images/I/71X-u2nEiHL._AC_UY695_.jpg','8fede923-807a-45d0-9ba2-8518d3b1b5cb','a2db7eff-f121-4fd6-a185-e80cf094316f','2023-07-21 07:51:06','2023-07-21 07:51:06','Shoe'),('https://m.media-amazon.com/images/I/51V5boi3UqL._AC_SL1000_.jpg','a12ddeda-c77d-494d-b47f-a0fb3a439d37','a353dddf-bdc4-454d-9c09-42b9d6e1c2bc','2023-07-21 07:51:07','2023-07-21 07:51:07','Tech'),('https://m.media-amazon.com/images/I/71a7RXguWYL._AC_SL1500_.jpg','0aa5380a-4fac-4d6c-8348-5b5f913b5cbd','a36ba063-24de-45e5-802a-4182b5357685','2023-07-21 07:51:07','2023-07-21 07:51:07','Tech'),('https://m.media-amazon.com/images/I/71XRDYZChLL._AC_SL1500_.jpg','d88b26ca-be30-4ce7-ba2c-79d38a793f8c','a4f54248-0d8d-4cef-bd2b-c903792633fc','2023-07-21 07:51:07','2023-07-21 07:51:07','Tech'),('https://m.media-amazon.com/images/I/611rCsCE4lL._AC_UY695_.jpg','166bb276-c3df-4f80-9d64-6adbba147671','a5465715-94d4-4a53-b33e-5a8dea9fdb4c','2023-07-21 07:51:07','2023-07-21 07:51:07','Shoe'),('https://m.media-amazon.com/images/I/71i9eneVniL._AC_UY695_.jpg','166bb276-c3df-4f80-9d64-6adbba147671','a7608088-19f9-4aa0-b3be-39db1a2246d5','2023-07-21 07:51:07','2023-07-21 07:51:07','Shoe'),('https://m.media-amazon.com/images/I/61-8dxBrDHS._AC_SL1000_.jpg','a12ddeda-c77d-494d-b47f-a0fb3a439d37','a9ece905-9f9f-4a3a-b895-19b3efc27fd8','2023-07-21 07:51:07','2023-07-21 07:51:07','Tech'),('https://m.media-amazon.com/images/I/71VkSetV+yL._AC_UY500_.jpg','5bde2f72-be44-4e1d-b3a9-b1fde211c83e','aac79e12-5f49-473a-8892-7411cfdb4209','2023-07-21 07:51:06','2023-07-21 07:51:06','Dressings'),('https://m.media-amazon.com/images/I/816XDzbyLjL._AC_UX425_.jpg','f39125e5-22fd-43ca-8a3f-3e758e46b0f1','ad381469-fd63-43f5-a213-670feaaaacdd','2023-07-21 07:51:05','2023-07-21 07:51:05','Dressings'),('https://m.media-amazon.com/images/I/714PuFePyBS._AC_SX695._SX._UX._SY._UY_.jpg','9a2097a2-ef57-4385-91bc-8879b992acf4','ad560160-f274-457f-8bb0-d597b8703dea','2023-07-21 07:51:06','2023-07-21 07:51:06','Shoe'),('https://m.media-amazon.com/images/I/51b0MilmNmL._AC_UX695_.jpg','5aeaa9d4-ebdb-49e7-9799-935fdfcb3d7f','ad68969e-f46d-4862-bcb1-2ea071228106','2023-07-21 07:51:07','2023-07-21 07:51:07','Shoe'),('https://m.media-amazon.com/images/I/81XxplTA0nL._AC_UY695_.jpg','a8c768de-8790-469b-920a-918774e98af1','adb0c638-1a6a-43ba-bf68-888f0aab10de','2023-07-21 07:51:06','2023-07-21 07:51:06','Shoe'),('https://m.media-amazon.com/images/I/713cxz8Z85L._SL1500_.jpg','d2704ee0-3eb7-44c1-ba63-686d8208a4ed','ae914b1d-5aa9-41e3-b081-3bd5f565e10f','2023-07-21 07:51:07','2023-07-21 07:51:07','Tech'),('https://m.media-amazon.com/images/I/71-86EnDpiL._AC_UY500_.jpg','b2664da8-8a43-4588-98aa-1ed259a76980','ae9b531a-ff8a-4cc6-af77-77a2a7b4dfba','2023-07-21 07:51:06','2023-07-21 07:51:06','Dressings'),('https://m.media-amazon.com/images/I/71o-UWbUMYL._SL1500_.jpg','c36b3974-647c-42b3-8a9c-9d4382f55f16','aeca7ac2-3ff6-4216-a93c-f9067b140e66','2023-07-21 07:51:07','2023-07-21 07:51:07','Tech'),('https://m.media-amazon.com/images/I/51DYDLykzoL._AC_SL1500_.jpg','8ed00632-6ca6-4410-90a3-548c26d7d474','afe90ef5-444d-4de0-a113-9c7682b9b61a','2023-07-21 07:51:07','2023-07-21 07:51:07','Tech'),('https://m.media-amazon.com/images/I/61FdL2qx-1L._AC_SL1500_.jpg','23602b20-d93a-4fc9-9092-db1827abffdf','affb0c28-2023-4103-bd99-9e70451c1c61','2023-07-21 07:51:07','2023-07-21 07:51:07','Tech'),('https://m.media-amazon.com/images/I/61IwuLrCpKL._AC_UY695_.jpg','1ff5b96b-0c65-47af-98fe-f102742eb78c','b02a81c4-a756-4a09-ab6d-f5e4ffb824f7','2023-07-21 07:51:07','2023-07-21 07:51:07','Shoe'),('https://m.media-amazon.com/images/I/918xsyfY31L._AC_UY500_.jpg','c1bb35cd-cc6e-42b6-b8cd-a5ac3d3d8a46','b2bb759a-beeb-4dd2-ae76-9ea74b867b2a','2023-07-21 07:51:06','2023-07-21 07:51:06','Dressings'),('https://m.media-amazon.com/images/I/71PefOEriPL._SL1500_.jpg','d2704ee0-3eb7-44c1-ba63-686d8208a4ed','b2caaebd-b4e5-4163-aca5-f31fc409ea42','2023-07-21 07:51:07','2023-07-21 07:51:07','Tech'),('https://m.media-amazon.com/images/I/5120h68MVTL._AC_SX425._SX._UX._SY._UY_.jpg','de50a258-9336-48c1-816e-8ba0481df661','b3e004e3-67c9-4c01-bfd3-d1217ebfa9be','2023-07-21 07:51:06','2023-07-21 07:51:06','Dressings'),('https://m.media-amazon.com/images/I/610sVN7mZ2S._AC_SX522._SX._UX._SY._UY_.jpg','f39125e5-22fd-43ca-8a3f-3e758e46b0f1','b3fce37d-4e5c-4344-bd08-b5211e80c640','2023-07-21 07:51:05','2023-07-21 07:51:05','Dressings'),('https://m.media-amazon.com/images/I/71PUZ9o9U6L._AC_SL1500_.jpg','6c692122-5071-44c5-9396-4a58944ef72d','b4f92dd2-2e49-4cd4-8fc1-f94a7eabf21c','2023-07-21 07:51:07','2023-07-21 07:51:07','Tech'),('https://m.media-amazon.com/images/I/71niLkPCleS._AC_UX695_.jpg','fdc4f7e7-aef3-4b65-bbce-bdce876f712a','b5228996-228e-49a7-ba4b-a1eed4dc3984','2023-07-21 07:51:06','2023-07-21 07:51:06','Shoe'),('https://m.media-amazon.com/images/I/613Sw3ufZCL._AC_UX466_.jpg','0411035d-227d-4e2d-9b16-ec053d293b2a','b5731c54-6bd3-4ec0-8f5b-d0a0ceeb9ee7','2023-07-21 07:51:06','2023-07-21 07:51:06','Dressings'),('https://m.media-amazon.com/images/I/61LtC+b1z5L._AC_SL1500_.jpg','e4412817-6f53-44b7-91b2-adb01233947a','b5ea32ac-fa2b-49e8-abca-a1680c994a6c','2023-07-21 07:51:07','2023-07-21 07:51:07','Tech'),('https://m.media-amazon.com/images/I/71DQDM2CYTL._AC_SY500._SX._UX._SY._UY_.jpg','3426fb90-9e94-453c-82d7-b1f0cec7c4bf','b6394de4-d576-48e9-a84c-35b04cdd83f2','2023-07-21 07:51:06','2023-07-21 07:51:06','Dressings'),('https://m.media-amazon.com/images/I/71R9ACGFnzL._AC_SL1500_.jpg','ff09cbce-9acb-4dfa-a71f-0c2b4d4f51ea','b63c4ada-4efa-4f2e-964c-bce4659006db','2023-07-21 07:51:07','2023-07-21 07:51:07','Tech'),('https://m.media-amazon.com/images/I/61s1K0ghITL._AC_SL1500_.jpg','65e5bbb6-e11c-460d-9910-696216326a99','b7a46497-a048-4265-9563-e9e73c2988c3','2023-07-21 07:51:07','2023-07-21 07:51:07','Tech'),('https://m.media-amazon.com/images/I/51dSKjL6BxL._AC_UL320_.jpg','8d47e017-b57b-4270-a32b-46e843dbc5e1','b7b98447-51ab-4f17-be2a-6db2be5ec266','2023-07-21 07:51:06','2023-07-21 07:51:06','Jewelry'),('https://m.media-amazon.com/images/I/71MaBzbfuaL._AC_UY695_.jpg','ee441902-3efa-44fc-a4b1-62d5bb1482f3','b7cc17b7-49f8-4053-bab6-0e4d69767836','2023-07-21 07:51:06','2023-07-21 07:51:06','Shoe'),('https://m.media-amazon.com/images/I/71gaJgPL4jL._AC_UX695_.jpg','6c255b48-b729-4697-ac93-6fb4bd7fe5eb','b7f96c15-1c4e-477b-bbbe-144b1758caba','2023-07-21 07:51:07','2023-07-21 07:51:07','Shoe'),('https://m.media-amazon.com/images/I/61cw88QI2pL._AC_SL1500_.jpg','fb3ce369-b54f-415e-bfc0-14a478a7a443','b8444d07-8361-4f01-a2c8-00354ddc70d0','2023-07-21 07:51:07','2023-07-21 07:51:07','Tech'),('https://m.media-amazon.com/images/I/61NoSN0Y3SL._AC_SL1500_.jpg','4e4210e3-e550-4fad-871b-270ee0abfd3b','b8bcfb80-8ac6-4e0a-bad8-227084f0c996','2023-07-21 07:51:07','2023-07-21 07:51:07','Tech'),('https://m.media-amazon.com/images/I/71YdE55GwjL._AC_SL1500_.jpg','fb3ce369-b54f-415e-bfc0-14a478a7a443','b9b4b535-0978-467b-9cd6-8c568cee2307','2023-07-21 07:51:07','2023-07-21 07:51:07','Tech'),('https://m.media-amazon.com/images/I/71e+i+oD0qL._SL1500_.jpg','d2704ee0-3eb7-44c1-ba63-686d8208a4ed','ba43f8db-3c01-4943-8673-adcd6488255e','2023-07-21 07:51:07','2023-07-21 07:51:07','Tech'),('https://m.media-amazon.com/images/I/61QGMX0Qy6L._AC_SL1352_.jpg','6f2fdf38-45b7-4b7f-9065-1100d02f130f','bb92be17-6ea7-43ec-b5ae-04e5e66058c0','2023-07-21 07:51:07','2023-07-21 07:51:07','Tech'),('https://m.media-amazon.com/images/I/71SmNH3c6qL._SL1500_.jpg','c36b3974-647c-42b3-8a9c-9d4382f55f16','bcd5da00-de34-4a90-a91d-753b4aaf9add','2023-07-21 07:51:07','2023-07-21 07:51:07','Tech'),('https://m.media-amazon.com/images/I/71yug3GvlHL._MCnd_AC_UL320_.jpg','de50a258-9336-48c1-816e-8ba0481df661','bcfdcabc-b530-4a48-8111-78e826818dd6','2023-07-21 07:51:06','2023-07-21 07:51:06','Dressings'),('https://m.media-amazon.com/images/I/61KjEwdEHiL._AC_UX695_.jpg','94f057c9-1172-410f-a6ff-56ea94aee0db','bd09b4a1-2026-4c15-b0b5-9b570b10dbf7','2023-07-21 07:51:07','2023-07-21 07:51:07','Shoe'),('https://m.media-amazon.com/images/I/6135Uo47QyL._AC_SL1500_.jpg','6f2fdf38-45b7-4b7f-9065-1100d02f130f','bd600c54-c112-4070-a82f-e7c2e112a9cc','2023-07-21 07:51:07','2023-07-21 07:51:07','Tech'),('https://m.media-amazon.com/images/I/71iK-Yd8rwL._AC_SL1500_.jpg','d88b26ca-be30-4ce7-ba2c-79d38a793f8c','bddb4099-8ea2-427b-a35b-daa86f4d6828','2023-07-21 07:51:07','2023-07-21 07:51:07','Tech'),('https://m.media-amazon.com/images/I/81ZvaBihNsL._AC_SL1500_.jpg','6c692122-5071-44c5-9396-4a58944ef72d','c1f3de62-e726-4aa4-9da0-000c7ea8aeb2','2023-07-21 07:51:07','2023-07-21 07:51:07','Tech'),('https://m.media-amazon.com/images/I/81Fngbi2yzL._AC_UX695_.jpg','ee441902-3efa-44fc-a4b1-62d5bb1482f3','c20c9044-3a35-4a41-b46d-c5d01c7f96f2','2023-07-21 07:51:06','2023-07-21 07:51:06','Shoe'),('https://m.media-amazon.com/images/I/61N7eGSZ8OL._AC_UX695_.jpg','5aeaa9d4-ebdb-49e7-9799-935fdfcb3d7f','c2cbddb6-afba-41d1-ba22-d850bc72f302','2023-07-21 07:51:07','2023-07-21 07:51:07','Shoe'),('https://m.media-amazon.com/images/I/71ho2IWjt-L._AC_SL1500_.jpg','d88b26ca-be30-4ce7-ba2c-79d38a793f8c','c342cf30-5a9c-4864-bb92-2900b776935c','2023-07-21 07:51:07','2023-07-21 07:51:07','Tech'),('https://m.media-amazon.com/images/I/510gvQ8WX+L._AC_UX425_.jpg','863fe762-cad4-46ac-af4d-5abd9989ae16','c392b3fa-f556-405c-8aa7-7af0a9a242c8','2023-07-21 07:51:06','2023-07-21 07:51:06','Dressings'),('https://m.media-amazon.com/images/I/71aq32ToyGL._AC_UX522_.jpg','026f258f-029a-468d-b9da-f58a05394cdd','c3e8210d-b9ec-4e01-9af9-e0eefb0adbf1','2023-07-21 07:51:06','2023-07-21 07:51:06','Dressings'),('https://m.media-amazon.com/images/I/61kk1fVXWPL._AC_UX695_.jpg','5b2b295e-ac18-4fef-b99d-7d44a7f7f551','c5035553-341b-4712-b926-4c0815f48b73','2023-07-21 07:51:07','2023-07-21 07:51:07','Shoe'),('https://m.media-amazon.com/images/I/71Yz2oAit-L._AC_SL1500_.jpg','e08d23ba-29f6-495d-87b2-9b95ac83d1ba','c6b19cb0-536b-462c-8ea7-70ad68ea6b55','2023-07-21 07:51:07','2023-07-21 07:51:07','Tech'),('https://m.media-amazon.com/images/I/51iKusdOFTL._AC_SL1500_.jpg','6f2fdf38-45b7-4b7f-9065-1100d02f130f','c6d40eb1-42d0-4212-a502-fe583fde82f6','2023-07-21 07:51:07','2023-07-21 07:51:07','Tech'),('https://m.media-amazon.com/images/I/815he8w3R+L._AC_UX425_.jpg','f39125e5-22fd-43ca-8a3f-3e758e46b0f1','c78dafae-57f6-41f7-8ea8-58fe71451c96','2023-07-21 07:51:05','2023-07-21 07:51:05','Dressings'),('https://m.media-amazon.com/images/I/51WeeWb1IsL._AC_.jpg','35c0772f-57c2-4e61-bea3-ad42461786be','c8f9b042-7e4c-4927-9ec6-95fb33252138','2023-07-21 07:51:06','2023-07-21 07:51:06','Jewelry'),('https://m.media-amazon.com/images/I/714gPa4tctL._AC_UY695_.jpg','2be439e5-a53e-4fea-8652-f7ae137c6bb4','ca08fd1e-c363-4863-bd73-554087908e63','2023-07-21 07:51:06','2023-07-21 07:51:06','Shoe'),('https://m.media-amazon.com/images/I/6122Tc-907L._AC_SY500._SX._UX._SY._UY_.jpg','0a73ebbd-bbb2-4c85-980d-94ac8b478536','ca79a0e2-312a-4ede-b52e-02c0ba63d387','2023-07-21 07:51:06','2023-07-21 07:51:06','Dressings'),('https://m.media-amazon.com/images/I/61AsKY+oQ5L._AC_UX695_.jpg','ef8f70a3-6b97-434a-aeb7-0cf52d85699b','cbae8cd4-3b4c-4765-9668-9a390a935287','2023-07-21 07:51:07','2023-07-21 07:51:07','Shoe'),('https://m.media-amazon.com/images/I/51H7WojvufL._AC_SL1500_.jpg','ff09cbce-9acb-4dfa-a71f-0c2b4d4f51ea','cbf5d78c-3425-420a-ae14-ade0486f378f','2023-07-21 07:51:07','2023-07-21 07:51:07','Tech'),('https://m.media-amazon.com/images/I/71iRZ5GZxHL._AC_UY695_.jpg','1ff5b96b-0c65-47af-98fe-f102742eb78c','cc68d5e0-2699-4de1-812a-aba98c56b611','2023-07-21 07:51:07','2023-07-21 07:51:07','Shoe'),('https://m.media-amazon.com/images/I/61gj0Fw-6HL._AC_UX522_.jpg','3a8a20b7-cc36-4efd-8c0e-b8cfff6838c0','ccfd3177-aae7-4b58-af71-92aad306bc98','2023-07-21 07:51:06','2023-07-21 07:51:06','Dressings'),('https://m.media-amazon.com/images/I/71GZmpWqjHL._AC_UL320_.jpg','a0410e61-370e-4c71-b5ff-e2792cfc6358','cdd1efc1-80f5-4e8b-9d75-06a9d0db1724','2023-07-21 07:51:06','2023-07-21 07:51:06','Jewelry'),('https://m.media-amazon.com/images/I/51lGwBhoHiL._AC_UX522_.jpg','d8dda315-fc28-4f05-9d6f-dd2fbbf5f1a3','ce4cb31f-d6e5-4ccd-ae12-7719f82db4a2','2023-07-21 07:51:06','2023-07-21 07:51:06','Dressings'),('https://m.media-amazon.com/images/I/71U5dgj62RS._AC_SY695._SX._UX._SY._UY_.jpg','9a2097a2-ef57-4385-91bc-8879b992acf4','cf34c640-f241-4b08-8ba8-7347cab2f04e','2023-07-21 07:51:06','2023-07-21 07:51:06','Shoe'),('https://m.media-amazon.com/images/I/71iWJOlcRcL._AC_UX695_.jpg','16ae3660-cddb-494c-9c46-16b4c2c438ea','cfbb99e9-5c04-4ce2-81c9-f3f250b2b0c6','2023-07-21 07:51:06','2023-07-21 07:51:06','Jewelry'),('https://m.media-amazon.com/images/I/61lf8BFnoaL._AC_UX695_.jpg','7a1049b0-7aba-43ee-8abf-2265f1508b1b','cfc69378-79e8-4263-a0c5-f703334609d4','2023-07-21 07:51:06','2023-07-21 07:51:06','Shoe'),('https://m.media-amazon.com/images/I/91GkjaDhHoL._AC_SL1500_.jpg','fb3ce369-b54f-415e-bfc0-14a478a7a443','d022e834-a423-48cd-bd47-0d5776e8a887','2023-07-21 07:51:07','2023-07-21 07:51:07','Tech'),('https://m.media-amazon.com/images/I/61KgG7G4anL._AC_SL1500_.jpg','65e5bbb6-e11c-460d-9910-696216326a99','d184d19c-b447-4cd9-9862-747323bc3c2f','2023-07-21 07:51:07','2023-07-21 07:51:07','Tech'),('https://m.media-amazon.com/images/I/71XdMiImL7L._AC_SL1500_.jpg','23602b20-d93a-4fc9-9092-db1827abffdf','d2c94a98-e05b-4553-a49e-9ee9f56f9720','2023-07-21 07:51:07','2023-07-21 07:51:07','Tech'),('https://m.media-amazon.com/images/I/61L5N+0JdwL._AC_SL1500_.jpg','e4412817-6f53-44b7-91b2-adb01233947a','d369b5b2-8490-402c-b034-697eaed1bf8e','2023-07-21 07:51:07','2023-07-21 07:51:07','Tech'),('https://m.media-amazon.com/images/I/61oBxhoHT3L._AC_UL320_.jpg','cdc1df4d-009c-415e-9845-d79de76af282','d44bf39a-e92e-4285-8072-9ca6364118b9','2023-07-21 07:51:06','2023-07-21 07:51:06','Dressings'),('https://m.media-amazon.com/images/I/71u2LxC69hL._AC_SL1500_.jpg','d88b26ca-be30-4ce7-ba2c-79d38a793f8c','d495d976-648c-4a33-9ad5-2406373d8bfe','2023-07-21 07:51:07','2023-07-21 07:51:07','Tech'),('https://m.media-amazon.com/images/I/71KPRLiRx+L._AC_SX425._SX._UX._SY._UY_.jpg','2c2cd2f8-b3f3-43c2-a532-f09355289d3a','d4ddb35c-8c8a-4932-88f1-e045083c1447','2023-07-21 07:51:06','2023-07-21 07:51:06','Dressings'),('https://m.media-amazon.com/images/I/61hzPBgWsvL._AC_UY500_.jpg','f93a3f14-2750-411e-b1f5-78ed4e0f18ef','d4e02a9a-fbab-4e24-a782-ebeb8070d230','2023-07-21 07:51:06','2023-07-21 07:51:06','Jewelry'),('https://m.media-amazon.com/images/I/518Yz8-6bNL._AC_SX522._SX._UX._SY._UY_.jpg','de50a258-9336-48c1-816e-8ba0481df661','d4f7af81-decf-47e7-a38e-9b294a10b30b','2023-07-21 07:51:06','2023-07-21 07:51:06','Dressings'),('https://m.media-amazon.com/images/I/711Y9xiUiHL._AC_UY500_.jpg','2c2cd2f8-b3f3-43c2-a532-f09355289d3a','d53d4e64-da5a-4c04-9117-24ba78f06412','2023-07-21 07:51:06','2023-07-21 07:51:06','Dressings'),('https://m.media-amazon.com/images/I/51d3rdyc07S._AC_SL1000_.jpg','bd68e829-b730-43ab-a3f4-e3d5fcc8fca6','d723d913-d543-4719-b9df-4dee74fe79ca','2023-07-21 07:51:08','2023-07-21 07:51:08','Tech'),('https://m.media-amazon.com/images/I/51E1oMoQoHL._AC_UX695_.jpg','5b2b295e-ac18-4fef-b99d-7d44a7f7f551','d7abb519-b9cf-4f72-8e0f-4387ae418c5c','2023-07-21 07:51:07','2023-07-21 07:51:07','Shoe'),('https://m.media-amazon.com/images/I/61B0Z8btP7L._AC_UX695_.jpg','94f057c9-1172-410f-a6ff-56ea94aee0db','d9878e2d-1b56-41f3-b521-244b41d76793','2023-07-21 07:51:07','2023-07-21 07:51:07','Shoe'),('https://m.media-amazon.com/images/I/71KAJ4N48DS._AC_SL1500_.jpg','bd68e829-b730-43ab-a3f4-e3d5fcc8fca6','db4ffbc2-03d6-40c9-bf55-94cbb5b98426','2023-07-21 07:51:08','2023-07-21 07:51:08','Tech'),('https://m.media-amazon.com/images/I/91+vc+hbYZL._AC_SY679._SX._UX._SY._UY_.jpg','a30ce98f-ed21-449a-b7e7-1636dc787912','db910eb3-2905-4f1b-aad6-abbb9e0dbe71','2023-07-21 07:51:06','2023-07-21 07:51:06','Jewelry'),('https://m.media-amazon.com/images/I/61-UuuM2byL._AC_SY500._SX._UX._SY._UY_.jpg','3426fb90-9e94-453c-82d7-b1f0cec7c4bf','df3df02e-e3ab-4aac-a3d0-fb5d6508cae7','2023-07-21 07:51:06','2023-07-21 07:51:06','Dressings'),('https://m.media-amazon.com/images/I/81JmWLdrztL._AC_UL320_.jpg','909d03c3-6e1e-44f6-9524-bdd80fdfec0e','df559b71-ed3f-4900-91ef-44035889027a','2023-07-21 07:51:06','2023-07-21 07:51:06','Dressings'),('https://m.media-amazon.com/images/I/81Nwh-sJf9L._AC_UX695_.jpg','6c255b48-b729-4697-ac93-6fb4bd7fe5eb','df56a840-7b73-4f2c-853e-37f4d542c82f','2023-07-21 07:51:07','2023-07-21 07:51:07','Shoe'),('https://m.media-amazon.com/images/I/61XZthvHa3L._AC_UY695_.jpg','a8c768de-8790-469b-920a-918774e98af1','e093511a-6334-478a-a206-41cbd1c84247','2023-07-21 07:51:06','2023-07-21 07:51:06','Shoe'),('https://m.media-amazon.com/images/I/61HF+9WZVEL._AC_SL1500_.jpg','9485543b-1a6e-4953-b4c5-6ac382696680','e2ce5981-eb6e-456b-9484-1c82e243e547','2023-07-21 07:51:07','2023-07-21 07:51:07','Tech'),('https://m.media-amazon.com/images/I/61iAmsvAScL._AC_UY695_.jpg','1ff5b96b-0c65-47af-98fe-f102742eb78c','e314386e-a45e-4b81-9cec-a8f645794982','2023-07-21 07:51:07','2023-07-21 07:51:07','Shoe'),('https://m.media-amazon.com/images/I/71seXZCNiVL._AC_UX695_.jpg','1ff5b96b-0c65-47af-98fe-f102742eb78c','e32acbbc-2d5f-4acc-9af9-d634fb40ad47','2023-07-21 07:51:07','2023-07-21 07:51:07','Shoe'),('https://m.media-amazon.com/images/I/71och77GQOL._AC_UX695_.jpg','ef8f70a3-6b97-434a-aeb7-0cf52d85699b','e4078e9b-e72b-4774-b625-6969ff439978','2023-07-21 07:51:07','2023-07-21 07:51:07','Shoe'),('https://m.media-amazon.com/images/I/71J8vzvFilL._AC_UX695_.jpg','17460404-0766-4ce3-bed1-b612416b4075','e45e7689-b26d-4697-bd06-3f178c963b5d','2023-07-21 07:51:06','2023-07-21 07:51:06','Shoe'),('https://m.media-amazon.com/images/I/71qtmUjoR8L._AC_SX522._SX._UX._SY._UY_.jpg','69e39283-3818-4910-b998-b7835756c480','e4af83aa-4432-48a1-a69a-7ed52ce116d8','2023-07-21 07:51:05','2023-07-21 07:51:05','Dressings'),('https://m.media-amazon.com/images/I/71bl20Czw3L._SL1500_.jpg','d2704ee0-3eb7-44c1-ba63-686d8208a4ed','e4d2d618-705b-4987-a4dc-e30cf49d48b1','2023-07-21 07:51:07','2023-07-21 07:51:07','Tech'),('https://m.media-amazon.com/images/I/71SXXlcF9eL._AC_SX425._SX._UX._SY._UY_.jpg','de50a258-9336-48c1-816e-8ba0481df661','e5f1f7a6-ea07-479f-b5d8-279d8008dde3','2023-07-21 07:51:06','2023-07-21 07:51:06','Dressings'),('https://m.media-amazon.com/images/I/61cvgvQFE+L._AC_UY695_.jpg','166bb276-c3df-4f80-9d64-6adbba147671','e6aa892a-bae9-471b-b8c9-0bb536521d90','2023-07-21 07:51:07','2023-07-21 07:51:07','Shoe'),('https://m.media-amazon.com/images/I/71LgKhc752L._AC_UX695_.jpg','d1046187-33b2-4f78-a993-d535852b535b','e82185a6-98e7-49bb-b045-0a637d548916','2023-07-21 07:51:06','2023-07-21 07:51:06','Shoe'),('https://m.media-amazon.com/images/I/71BPhiugJZL._AC_UY500_.jpg','49862d1f-57b6-41eb-b89f-73ccc097a4fe','e9f1b278-c6c0-442e-8bf4-6214f1bb6241','2023-07-21 07:51:06','2023-07-21 07:51:06','Jewelry'),('https://m.media-amazon.com/images/I/51IO2Uu019L._AC_SL1500_.jpg','4e4210e3-e550-4fad-871b-270ee0abfd3b','eaf03cf1-fab1-48a1-965b-468f407986b1','2023-07-21 07:51:07','2023-07-21 07:51:07','Tech'),('https://m.media-amazon.com/images/I/81GeV6s6M9L._AC_UL320_.jpg','a0410e61-370e-4c71-b5ff-e2792cfc6358','eb87c422-cae5-4eba-8a9f-2410b8466a48','2023-07-21 07:51:06','2023-07-21 07:51:06','Jewelry'),('https://m.media-amazon.com/images/I/31HF8MBXrwL._QL70_FMwebp_.jpg','16ae3660-cddb-494c-9c46-16b4c2c438ea','eb8cabb9-e14f-479c-a1a4-96374e03ffa4','2023-07-21 07:51:06','2023-07-21 07:51:06','Jewelry'),('https://m.media-amazon.com/images/I/91u2h1dnINL._AC_UY695_.jpg','744f9e22-c8c9-4777-9d8c-86b4e90f961c','ebb8eefe-76c5-4c24-ab47-1957766504ee','2023-07-21 07:51:07','2023-07-21 07:51:07','Shoe'),('https://m.media-amazon.com/images/I/51IQ-x12lCL._AC_UY695_.jpg','744f9e22-c8c9-4777-9d8c-86b4e90f961c','ecf766a6-449f-4808-9f87-d9126b80be9a','2023-07-21 07:51:07','2023-07-21 07:51:07','Shoe'),('https://m.media-amazon.com/images/I/71pxAQkpv2L._AC_SX679._SX._UX._SY._UY_.jpg','a30ce98f-ed21-449a-b7e7-1636dc787912','eec2f136-6cd8-49e7-bb32-fccafee11fff','2023-07-21 07:51:06','2023-07-21 07:51:06','Jewelry'),('https://m.media-amazon.com/images/I/61IYXIbHsSL._AC_SL1500_.jpg','fb3ce369-b54f-415e-bfc0-14a478a7a443','ef14c0aa-4bb8-430e-9fbe-b27afda494f2','2023-07-21 07:51:07','2023-07-21 07:51:07','Tech'),('https://m.media-amazon.com/images/I/71WQ+VziSNL._AC_UL320_.jpg','cdc1df4d-009c-415e-9845-d79de76af282','f0275043-98c1-4470-9809-48bbfe3a6dc4','2023-07-21 07:51:06','2023-07-21 07:51:06','Dressings'),('https://m.media-amazon.com/images/I/71Ue0se0QhL._AC_UX695_.jpg','e1d1e338-18ed-4c51-a6ec-fc081e1f957c','f0536b5b-bfc4-48a5-a63c-ad8b2ed44f39','2023-07-21 07:51:07','2023-07-21 07:51:07','Shoe'),('https://m.media-amazon.com/images/I/81xDoHsXl+L._AC_SL1500_.jpg','6c692122-5071-44c5-9396-4a58944ef72d','f0cf58e3-1334-467d-80c7-72c70f5d386c','2023-07-21 07:51:07','2023-07-21 07:51:07','Tech'),('https://m.media-amazon.com/images/I/81QIhlGoi5L._AC_SL1500_.jpg','868660f5-dd8e-419c-90cd-c8bfde1246e4','f23b678d-1e82-4712-89a1-be13a375be3e','2023-07-21 07:51:07','2023-07-21 07:51:07','Tech'),('https://m.media-amazon.com/images/I/61GTHWrlwFL._AC_UX695_.jpg','8fede923-807a-45d0-9ba2-8518d3b1b5cb','f2f100a3-93d2-4b23-99a1-1e7372a586d3','2023-07-21 07:51:06','2023-07-21 07:51:06','Shoe'),('https://m.media-amazon.com/images/I/81xpDKxGXZL._AC_UY500_.jpg','b0959dcf-69ce-4fe8-b184-2dd2d963efb9','f326d702-34ed-4072-a80d-bf3c54ebbe37','2023-07-21 07:51:06','2023-07-21 07:51:06','Dressings'),('https://m.media-amazon.com/images/I/8111b3zis2L._AC_SL1500_.jpg','23602b20-d93a-4fc9-9092-db1827abffdf','f453a934-8465-4710-ba72-3fcf4693b9e2','2023-07-21 07:51:07','2023-07-21 07:51:07','Tech'),('https://m.media-amazon.com/images/I/71cQPh7ahML._AC_UX466_.jpg','0411035d-227d-4e2d-9b16-ec053d293b2a','f52aec84-73b8-4c38-9f7f-9661f01b9fcb','2023-07-21 07:51:06','2023-07-21 07:51:06','Dressings'),('https://m.media-amazon.com/images/I/91prscseYNL._AC_UL320_.jpg','909d03c3-6e1e-44f6-9524-bdd80fdfec0e','fa8f1170-a3b1-4b0c-acca-0849a6971735','2023-07-21 07:51:06','2023-07-21 07:51:06','Dressings'),('https://m.media-amazon.com/images/I/71tX4ptRCXL._AC_UY500_.jpg','49862d1f-57b6-41eb-b89f-73ccc097a4fe','fc347ff7-596d-40ba-82f2-4f5da737c3cb','2023-07-21 07:51:06','2023-07-21 07:51:06','Jewelry'),('https://m.media-amazon.com/images/I/71SUxRy0DCL._AC_SL1500_.jpg','9485543b-1a6e-4953-b4c5-6ac382696680','fde32456-9a9b-469a-a53e-04dbfbf6a5f4','2023-07-21 07:51:07','2023-07-21 07:51:07','Tech'),('https://m.media-amazon.com/images/I/615YaAiA-ML._AC_SL1500_.jpg','4fc75c04-09b3-430e-a1a4-0944debee17a','fde82bad-dc33-428f-b55d-fc14bae741c2','2023-07-21 07:51:07','2023-07-21 07:51:07','Tech'),('https://m.media-amazon.com/images/I/61R1UtYaYUL._AC_UY500_.jpg','f93a3f14-2750-411e-b1f5-78ed4e0f18ef','fe7b8887-78ec-4299-a7d6-62a57b6ef59e','2023-07-21 07:51:06','2023-07-21 07:51:06','Jewelry'),('https://m.media-amazon.com/images/I/7172RW+0uaL._AC_UX425_.jpg','0da4a806-0a4d-426d-ad1c-4fe0ffae554c','fe7b9196-5004-4351-b8cf-dc6350257116','2023-07-21 07:51:06','2023-07-21 07:51:06','Dressings'),('https://m.media-amazon.com/images/I/61VsUlOAPuL._AC_SL1000_.jpg','6b26d22f-5d24-4c85-a2c5-49536f6cb890','fe9b39f6-cd3c-452a-962a-f235f82bcd56','2023-07-21 07:51:07','2023-07-21 07:51:07','Tech'),('https://m.media-amazon.com/images/I/71vscgWl+qS._AC_SY500._SX._UX._SY._UY_.jpg','2c2cd2f8-b3f3-43c2-a532-f09355289d3a','fef0ed4c-7eed-4066-a4c5-8d2122315542','2023-07-21 07:51:06','2023-07-21 07:51:06','Dressings'),('https://m.media-amazon.com/images/I/61DONhmIjVS._AC_UY695_.jpg','fdc4f7e7-aef3-4b65-bbce-bdce876f712a','ff0bf743-25bc-4af8-854e-0ad94943d2ce','2023-07-21 07:51:06','2023-07-21 07:51:06','Shoe'),('https://m.media-amazon.com/images/I/612LcaTXU+L._AC_UY695_.jpg','744f9e22-c8c9-4777-9d8c-86b4e90f961c','ff9c32b9-ab76-4e46-b0f7-a3379bb4c4b6','2023-07-21 07:51:07','2023-07-21 07:51:07','Shoe');
/*!40000 ALTER TABLE `product_images` ENABLE KEYS */;
UNLOCK TABLES;

--
-- Table structure for table `products`
--

DROP TABLE IF EXISTS `products`;
/*!40101 SET @saved_cs_client     = @@character_set_client */;
/*!50503 SET character_set_client = utf8mb4 */;
CREATE TABLE `products` (
  `name` varchar(60) NOT NULL,
  `price` float NOT NULL,
  `description` varchar(1024) DEFAULT NULL,
  `category_id` varchar(60) NOT NULL,
  `id` varchar(60) NOT NULL,
  `created_at` datetime NOT NULL,
  `updated_at` datetime NOT NULL,
  PRIMARY KEY (`id`),
  KEY `category_id` (`category_id`),
  CONSTRAINT `products_ibfk_1` FOREIGN KEY (`category_id`) REFERENCES `categories` (`id`) ON DELETE CASCADE
) ENGINE=InnoDB DEFAULT CHARSET=utf8mb4 COLLATE=utf8mb4_0900_ai_ci;
/*!40101 SET character_set_client = @saved_cs_client */;

--
-- Dumping data for table `products`
--

LOCK TABLES `products` WRITE;
/*!40000 ALTER TABLE `products` DISABLE KEYS */;
INSERT INTO `products` VALUES ('t-shirt',9.84,'Machine Wash Warm Gentle Cycle. Colors Separately. Only Non-Chlorine Bleach When Needed. Tumble Dry Low. Do not use fabric softener','0ba4146a-5178-48ea-a7cd-4091ecad813c','026f258f-029a-468d-b9da-f58a05394cdd','2023-07-21 07:51:06','2023-07-21 07:51:06'),('jacket',44.2,'SOFT FABRIC: This Columbia Men\'s Steens Mountain Full Zip 2.0 Fleece Jacket is crafted of ultra-soft 100% polyester MTR filament fleece for the perfect amount of warmth','0ba4146a-5178-48ea-a7cd-4091ecad813c','0411035d-227d-4e2d-9b16-ec053d293b2a','2023-07-21 07:51:06','2023-07-21 07:51:06'),('jacket',35.44,'Zipper closure, Hand Wash Only, 1000MM fabric waterproof rating, 1000G/M2 fabric breathability rating','0ba4146a-5178-48ea-a7cd-4091ecad813c','0a73ebbd-bbb2-4c85-980d-94ac8b478536','2023-07-21 07:51:06','2023-07-21 07:51:06'),('speaker',149,'STATE-OF-ART DESIGN: SoundLink Flex outdoor speaker is packed with exclusive technologies and a custom-engineered transducer for deep, clear, and immersive audio at home or on the go','06e78dc2-25dd-4138-8afa-8763891dc43a','0aa5380a-4fac-4d6c-8348-5b5f913b5cbd','2023-07-21 07:51:07','2023-07-21 07:51:07'),('t-shirt',5.33,'%100 Cotton, taped neck and shoulders','0ba4146a-5178-48ea-a7cd-4091ecad813c','0da4a806-0a4d-426d-ad1c-4fe0ffae554c','2023-07-21 07:51:06','2023-07-21 07:51:06'),('heel',32.99,'Rubber sole, 100% VEGAN: Eco-friendly and in control. Buy these guilt-free, knowing your purchase is making no dent in the environment!, FEMININE DESIGN: The femme yet sleek sandal that will add a fancy flair to any outfit.','80f8adf6-4992-4144-8bd5-b024a3ba8175','166bb276-c3df-4f80-9d64-6adbba147671','2023-07-21 07:51:06','2023-07-21 07:51:06'),('earring',45.22,'Small heart stud earrings embellished with delicate black stone accents. Earrings are set in black metal with a post back closure.','40eb4ce3-97c1-4da1-9cc1-e02ae32ab0b0','16ae3660-cddb-494c-9c46-16b4c2c438ea','2023-07-21 07:51:06','2023-07-21 07:51:06'),('running Shoe',45.5,'Polyurethane sole, Regular fit, Textile and synthetic upper, Slow-resilient padding around collar and tongue, Textile lining, Bounce midsole','80f8adf6-4992-4144-8bd5-b024a3ba8175','17460404-0766-4ce3-bed1-b612416b4075','2023-07-21 07:51:06','2023-07-21 07:51:06'),('sandal',25.95,'Rubber sole, COMFORTABLE SANDALS FOR GIRLS: Our girl flat sandals adopt durable and soft skin-friendly materials. Breathable lining and soft cushioned insole enables all-day comfort, delicate stitching on the insole and cute flower vamp design, slip-resistant & flexible rubber sole ensure your girl safely walking and playing. The super cute toddler girl sandals must be a necessity in this hot weather','80f8adf6-4992-4144-8bd5-b024a3ba8175','1ff5b96b-0c65-47af-98fe-f102742eb78c','2023-07-21 07:51:07','2023-07-21 07:51:07'),('wireless_headphones',39,'Long Battery Life: GO Air POP features 8+ hours of playtime in each earbud and 24+ extra hours from the charging case (32+ hours total). Return to the case to recharge the buds, and use the integrated USB cable to charge the case.','06e78dc2-25dd-4138-8afa-8763891dc43a','23602b20-d93a-4fc9-9092-db1827abffdf','2023-07-21 07:51:07','2023-07-21 07:51:07'),('running Shoe',59,'Synthetic sole, Shaft measures approximately low-top from arch, Not water resistant, Closed Toe, Having solid pattern','80f8adf6-4992-4144-8bd5-b024a3ba8175','2be439e5-a53e-4fea-8652-f7ae137c6bb4','2023-07-21 07:51:06','2023-07-21 07:51:06'),('trouser',19.88,'A True Performance Product','0ba4146a-5178-48ea-a7cd-4091ecad813c','2c2cd2f8-b3f3-43c2-a532-f09355289d3a','2023-07-21 07:51:06','2023-07-21 07:51:06'),('jacket',30.98,'Full zip up closure with pockets','0ba4146a-5178-48ea-a7cd-4091ecad813c','3426fb90-9e94-453c-82d7-b1f0cec7c4bf','2023-07-21 07:51:05','2023-07-21 07:51:05'),('trunks',18.11,'BETAWAVE BOARD SHORTS: Take to the beach in the first ever board short equipped with the BallPark Pouch to keep you comfortable and supported both in and out of the water.','0ba4146a-5178-48ea-a7cd-4091ecad813c','3587f49b-d98e-440e-a79a-6e99b63f3968','2023-07-21 07:51:06','2023-07-21 07:51:06'),('ring',11.12,'Elegant design, exquisite and clear, exudes a simple and simple atmosphere. No one will hide this excitement after receiving the gift.','40eb4ce3-97c1-4da1-9cc1-e02ae32ab0b0','35c0772f-57c2-4e61-bea3-ad42461786be','2023-07-21 07:51:06','2023-07-21 07:51:06'),('t-shirt',21.98,'Rapid-dry, interlock jersey knit wicks away moisture to keep you cool','0ba4146a-5178-48ea-a7cd-4091ecad813c','3a8a20b7-cc36-4efd-8c0e-b8cfff6838c0','2023-07-21 07:51:06','2023-07-21 07:51:06'),('smart_home_bundle',130.5,'Meet the Echo Dot - Our most popular smart speaker with Alexa. The sleek, compact design delivers crisp vocals and balanced bass for full sound., Voice control your entertainment - Stream songs from Amazon Music, Apple Music, Spotify, SiriusXM, and others. Play music, audiobooks, and podcasts throughout your home with multi-room music.','06e78dc2-25dd-4138-8afa-8763891dc43a','3f526b30-b937-460f-8fae-a78da1c7f771','2023-07-21 07:51:07','2023-07-21 07:51:07'),('necklaces',10,'Refined chain necklace adorned with vibrant pink roses and glistening stones at front. Necklace has an adjustable lobster clasp closure. Made from polished metal, glass and plastic.','40eb4ce3-97c1-4da1-9cc1-e02ae32ab0b0','442c017a-93d1-4c9c-b61c-dc2838509e11','2023-07-21 07:51:06','2023-07-21 07:51:06'),('t-shirt',4.99,'Lightweight cotton blend provides premium softness wash after wash','0ba4146a-5178-48ea-a7cd-4091ecad813c','46b515be-b7cb-4f7d-9757-52cd465d1dbc','2023-07-21 07:51:06','2023-07-21 07:51:06'),('jacket',27.55,'100% WATERPROOF - lightweight, packable 100% Polypropylene. Adjustable, tuck away hood with E-Z push cord locks, front zip with snap down storm flap for reliable waterproof protection','0ba4146a-5178-48ea-a7cd-4091ecad813c','47de84d1-075e-41a5-a37d-989bb76752a3','2023-07-21 07:49:21','2023-07-21 07:49:21'),('trouser',16.22,'Made in USA or Imported, button closure','0ba4146a-5178-48ea-a7cd-4091ecad813c','49397821-6850-4638-b9d1-1f89d6de9fdb','2023-07-21 07:51:06','2023-07-21 07:51:06'),('charm',55,'Jewelry for love: channel your power with this alex and ani pineapple charm bangle, a constant reminder that you have a welcoming heart','40eb4ce3-97c1-4da1-9cc1-e02ae32ab0b0','49862d1f-57b6-41eb-b89f-73ccc097a4fe','2023-07-21 07:51:06','2023-07-21 07:51:06'),('laptop',1420,'Latest 12th Generation Intel Core i7-1260P 12-Core Processor (Up to 4.70 GHz with Intel Turbo Boost technology, 18 MB Smart cache, 4 Performance + 8 Efficient cores, 16 threads)','06e78dc2-25dd-4138-8afa-8763891dc43a','4e4210e3-e550-4fad-871b-270ee0abfd3b','2023-07-21 07:51:07','2023-07-21 07:51:07'),('VR_headset',200,'128GB Storage Capacity, Top VR Experience: Oculus Quest 2 features a blazing-fast processor, top hand-tracking system, and 1832 x 1920 Pixels Per Eye high-resolution display, offering an incredibly immersive and smooth VR gaming experience.','06e78dc2-25dd-4138-8afa-8763891dc43a','4fc75c04-09b3-430e-a1a4-0944debee17a','2023-07-21 07:51:07','2023-07-21 07:51:07'),('sandal',24,'Rubber sole, Upper: Multi strap synthetic sandal, Footbed: Soft EVA with etched Roxy script, Outsole: TPR with Roxy heritage floral art','80f8adf6-4992-4144-8bd5-b024a3ba8175','5aeaa9d4-ebdb-49e7-9799-935fdfcb3d7f','2023-07-21 07:51:07','2023-07-21 07:51:07'),('sandal',24.95,'Rubber sole, Quick-dry webbing made from recycled plastic using traceable, verifiable REPREVE polyester yarn by Unifi supports your foot and stands up to abuse','80f8adf6-4992-4144-8bd5-b024a3ba8175','5b2b295e-ac18-4fef-b99d-7d44a7f7f551','2023-07-21 07:51:07','2023-07-21 07:51:07'),('trunks',19.22,'Block the Burn UPF 50+ delivers optimal sun protection so you can swim or lounge worry free.','0ba4146a-5178-48ea-a7cd-4091ecad813c','5bde2f72-be44-4e1d-b3a9-b1fde211c83e','2023-07-21 07:51:06','2023-07-21 07:51:06'),('smart_home_bundle',94.5,'Built-in camera with 1080p HD video and wide angle view that helps busy homeowners know exactly who came in and when., Smartphone control lets you monitor your garage through a live feed or recorded event in the myQ app.','06e78dc2-25dd-4138-8afa-8763891dc43a','65e5bbb6-e11c-460d-9910-696216326a99','2023-07-21 07:51:07','2023-07-21 07:51:07'),('jacket',27.55,'100% WATERPROOF - lightweight, packable 100% Polypropylene. Adjustable, tuck away hood with E-Z push cord locks, front zip with snap down storm flap for reliable waterproof protection','0ba4146a-5178-48ea-a7cd-4091ecad813c','69e39283-3818-4910-b998-b7835756c480','2023-07-21 07:51:05','2023-07-21 07:51:05'),('smartphone',130.5,'Save up to 60 on a full-featured tablet (not a toy) for kids ages 37, 1 year of Amazon Kids+, and a Kid-Proof Case with built-in stand, versus items purchased separately.','06e78dc2-25dd-4138-8afa-8763891dc43a','6b26d22f-5d24-4c85-a2c5-49536f6cb890','2023-07-21 07:51:07','2023-07-21 07:51:07'),('camera',900,'Improved Dual Pixel CMOS AF and eye detection AF 24.1 Megapixel CMOS (APS-C) sensor with is 1006400 (H: 12800), Built-in Wi-Fi and NFC technology working temperature range: 32-104F/0-40C','06e78dc2-25dd-4138-8afa-8763891dc43a','6bc6c7d2-7eea-41ed-86d3-8e971c1bb205','2023-07-21 07:51:08','2023-07-21 07:51:08'),('heel',65.92,'Rubber sole, Mesh and TPU upper, Traditional lace closure, Bellows tongue keeps out debris, Breathable mesh lining, Kinetic Fit BASE removable contoured insole for flexible support','80f8adf6-4992-4144-8bd5-b024a3ba8175','6c255b48-b729-4697-ac93-6fb4bd7fe5eb','2023-07-21 07:51:07','2023-07-21 07:51:07'),('laptop',222.33,'NEWEST 8th Generation Intel Core i7-8565U + NVIDIA GeForce MX150 (2GB GDDR5 dedicated), Windows 10 Home 64 - Dark Ash Color, 16 GB DDR4-2400 SDRAM (2 x 8 GB), 512 GB PCIe NVMe M.2 SSD, HP Wide Vision FHD IR Camera with integrated dual array digital microphone','06e78dc2-25dd-4138-8afa-8763891dc43a','6c692122-5071-44c5-9396-4a58944ef72d','2023-07-21 07:51:07','2023-07-21 07:51:07'),('laptop',1392,'Memory & StorageMemory is 8GB high-bandwidth RAM to smoothly run multiple applications and browser tabs all at once. Hard Drive is 256GB PCIe Solid State Drive which allows to fast bootup and data transfer, Processor11th Gen Intel Core i3-1115G4 Dual-Core 3.0GHz Processor (6MB Intel Smart Cache, up to 4.10GHz) Intel UHD Graphics','06e78dc2-25dd-4138-8afa-8763891dc43a','6f2fdf38-45b7-4b7f-9065-1100d02f130f','2023-07-21 07:51:07','2023-07-21 07:51:07'),('sandal',18.96,'DISNEY MINNIE MOUSE SANDALS FOR GIRLS - Get your little one ready for a season of fun and adventure with these adorable Minnie Mouse sandals. Whether they\'re strolling through the park or splashing in the water at the beach, these pink sandals are the perfect choice for any occasion.','80f8adf6-4992-4144-8bd5-b024a3ba8175','744f9e22-c8c9-4777-9d8c-86b4e90f961c','2023-07-21 07:51:07','2023-07-21 07:51:07'),('loafer',36.95,'100% Textile, Rubber sole, Classic Alpargata, Earthwise textile uppers in recycled cotton or heritage canvas, Recycled cotton lining and footbed, Elastic gore for easy fit, Non-removable insole with 50% eco content (25% recycled PU foam, 15% recycled rubber, 10% bio oil)','80f8adf6-4992-4144-8bd5-b024a3ba8175','7a1049b0-7aba-43ee-8abf-2265f1508b1b','2023-07-21 07:51:06','2023-07-21 07:51:06'),('trouser',17.23,'100% Wool','0ba4146a-5178-48ea-a7cd-4091ecad813c','7beab75c-9bca-4996-866e-1d4b1188cb01','2023-07-21 07:51:06','2023-07-21 07:51:06'),('smart_home_bundle',89.99,'This Starter Kit includes one Ring Bridge to place indoors so you can get notifications, customize settings, and connect to other Ring devices - all from the Ring app.','06e78dc2-25dd-4138-8afa-8763891dc43a','7c97351c-6fc0-492a-845f-89e0e22f7984','2023-07-21 07:51:07','2023-07-21 07:51:07'),('trunks',17.44,'Body; Woven: 100% Polyester, Trim: 82% Nylon - 18% Chlorine Resist Spandex','0ba4146a-5178-48ea-a7cd-4091ecad813c','863fe762-cad4-46ac-af4d-5abd9989ae16','2023-07-21 07:51:06','2023-07-21 07:51:06'),('smartphone',892,'FLEX MODE: Free up your hands with Flex Mode on the Galaxy Z Fold4; This smartphone stands on its own so you can take notes during a conference call or follow along with instructional videos in real time','06e78dc2-25dd-4138-8afa-8763891dc43a','868660f5-dd8e-419c-90cd-c8bfde1246e4','2023-07-21 07:51:07','2023-07-21 07:51:07'),('necklaces',54.55,'Versatile: A style made for whatevers on your schedule that day. Pair it with your favorite cocktail dress or a casual pair of jeans  either way, this necklace is sure to shine.','40eb4ce3-97c1-4da1-9cc1-e02ae32ab0b0','8d47e017-b57b-4270-a32b-46e843dbc5e1','2023-07-21 07:51:06','2023-07-21 07:51:06'),('wireless_mouse',82,'HERO Sensor - Next-generation HERO sensor delivers incredible performance and up to 10x the power efficiency over previous generations. HERO is an optical sensor capable of exceptional accuracy and responsiveness with 400 IPS precision and up to 12,000 DPI sensitivity.','06e78dc2-25dd-4138-8afa-8763891dc43a','8ed00632-6ca6-4410-90a3-548c26d7d474','2023-07-21 07:51:07','2023-07-21 07:51:07'),('running Shoe',42.95,'This product is made with Primegreen, a series of high-performance recycled materials. 50% of upper is recycled content. No virgin polyester.','80f8adf6-4992-4144-8bd5-b024a3ba8175','8fede923-807a-45d0-9ba2-8518d3b1b5cb','2023-07-21 07:51:06','2023-07-21 07:51:06'),('bra',13.22,'Made with super-soft brushed fabric for incredible comfort','0ba4146a-5178-48ea-a7cd-4091ecad813c','909d03c3-6e1e-44f6-9524-bdd80fdfec0e','2023-07-21 07:51:06','2023-07-21 07:51:06'),('wireless_headphones',132,'Feel the bass tuned to you - Listen to songs the way they were made to be heard. With Audiodo customization the Crusher Evo analyzes your hearing and produces sound specifically for YOU. Adjust the bass with a slide to produce bass you can feel!','06e78dc2-25dd-4138-8afa-8763891dc43a','9227e19b-b1de-4758-8095-a858979a1a0b','2023-07-21 07:51:07','2023-07-21 07:51:07'),('wireless_mouse',92,'Compact Mouse: With a comfortable and contoured shape, this Logitech ambidextrous wireless mouse feels great in either right or left hand and is far superior to a touchpad','06e78dc2-25dd-4138-8afa-8763891dc43a','9485543b-1a6e-4953-b4c5-6ac382696680','2023-07-21 07:51:07','2023-07-21 07:51:07'),('sandal',24,'Rubber sole, Moulded contour midsole with built-in arch, heel, and forefoot support','80f8adf6-4992-4144-8bd5-b024a3ba8175','94f057c9-1172-410f-a6ff-56ea94aee0db','2023-07-21 07:51:07','2023-07-21 07:51:07'),('running Shoe',65.92,'Rubber sole, Mesh and TPU upper, Traditional lace closure, Bellows tongue keeps out debris, Breathable mesh lining, Kinetic Fit BASE removable contoured insole for flexible support','80f8adf6-4992-4144-8bd5-b024a3ba8175','9a2097a2-ef57-4385-91bc-8879b992acf4','2023-07-21 07:51:06','2023-07-21 07:51:06'),('earring',67,'Sterling silver and shimmering moonstone accentuate each other perfectly, quiet sophistication with mystic femininity; The woman in the moon','40eb4ce3-97c1-4da1-9cc1-e02ae32ab0b0','a0410e61-370e-4c71-b5ff-e2792cfc6358','2023-07-21 07:51:06','2023-07-21 07:51:06'),('smart_home_bundle',330.5,'Alexa can show you even more - 8 HD touchscreen, adaptive color, and stereo speakers bring entertainment to life. Make video calls with a 13 MP camera that uses auto-framing to keep you centered.','06e78dc2-25dd-4138-8afa-8763891dc43a','a12ddeda-c77d-494d-b47f-a0fb3a439d37','2023-07-21 07:51:07','2023-07-21 07:51:07'),('watche',24.21,'Adjustable black & brown 20 millimeter genuine leather and fabric strap fits up to 8-inch wrist circumference','40eb4ce3-97c1-4da1-9cc1-e02ae32ab0b0','a30ce98f-ed21-449a-b7e7-1636dc787912','2023-07-21 07:51:06','2023-07-21 07:51:06'),('smartphone',592,'Product 1: Free 6 months of Google One and Youtube Premium with purchase of OnePlus 11. (New accounts only for each service to qualify)','06e78dc2-25dd-4138-8afa-8763891dc43a','a3b34cb4-f91f-43b5-a4ee-8e2a55c7531c','2023-07-21 07:51:07','2023-07-21 07:51:07'),('other',47.45,'100% Leather, Imported, Thermoplastic Elastomers sole, Heel measures approximately 0.98, These smart mens shoes with a square cap toe toe are crafted from a premium leather','80f8adf6-4992-4144-8bd5-b024a3ba8175','a8c768de-8790-469b-920a-918774e98af1','2023-07-21 07:51:06','2023-07-21 07:51:06'),('t-shirt',7.52,'QUALITY FABRIC. Hanes Perfect-T short-sleeve T-shirt is crafted from lightweight, ring-spun 100% cotton. Sourced American farms, the pre-shrunk cotton fabric feels as good as it looks.','0ba4146a-5178-48ea-a7cd-4091ecad813c','aee4a3fb-95d6-4807-8588-a7fdbd3bc548','2023-07-21 07:51:06','2023-07-21 07:51:06'),('t-shirt',6.54,'SLUB COTTON  100 percent cotton jersey has uneven, knotty finish that is soft to the touch. (Grey heather is a cotton/rayon/polyester blend.)','0ba4146a-5178-48ea-a7cd-4091ecad813c','b0959dcf-69ce-4fe8-b184-2dd2d963efb9','2023-07-21 07:51:06','2023-07-21 07:51:06'),('trouser',18.98,'Quality comfort: These are the dress pants women love to wear to the office; crafted with our soft fabric blend, these pants are made to emphasize style and comfort','0ba4146a-5178-48ea-a7cd-4091ecad813c','b2664da8-8a43-4588-98aa-1ed259a76980','2023-07-21 07:51:06','2023-07-21 07:51:06'),('earring',40.44,'Dangle earrings featuring bow and delicate chain with clear lucite heart drop embellished with mixed multi-colored stones. Earrings are set in light copper-tone metal with a lever back closure.','40eb4ce3-97c1-4da1-9cc1-e02ae32ab0b0','b8f9756e-2282-4df7-8652-f6b781644d00','2023-07-21 07:51:06','2023-07-21 07:51:06'),('jacket',27.55,'100% WATERPROOF - lightweight, packable 100% Polypropylene. Adjustable, tuck away hood with E-Z push cord locks, front zip with snap down storm flap for reliable waterproof protection','0ba4146a-5178-48ea-a7cd-4091ecad813c','ba6597e4-13d5-44bd-bbed-74f4543ad84f','2023-07-21 07:44:16','2023-07-21 07:44:16'),('heel',49.99,'Fabric/Glass/Synthetic, Thermoplastic Elastomers sole, Shaft measures approximately Ankle from arch, Heel measures approximately 4, Boot opening measures approximately 8.75 around, Steve Madden','80f8adf6-4992-4144-8bd5-b024a3ba8175','bc86a2ee-0fb1-429f-a054-21bcbec90cf5','2023-07-21 07:51:07','2023-07-21 07:51:07'),('smart_home_bundle',52.5,'Turn traditional lights and devices into smart devices with the enhanced functionality of the Cync Outdoor Smart Plug like out of home control, scheduling, and scene setting.','06e78dc2-25dd-4138-8afa-8763891dc43a','bd68e829-b730-43ab-a3f4-e3d5fcc8fca6','2023-07-21 07:51:07','2023-07-21 07:51:07'),('jacket',42.88,'100% Cotton, imported, and Snap closure','0ba4146a-5178-48ea-a7cd-4091ecad813c','c1bb35cd-cc6e-42b6-b8cd-a5ac3d3d8a46','2023-07-21 07:51:06','2023-07-21 07:51:06'),('gaming_console',292,'Ever Expanding Library of Games - PlayStation is committed to continuously delivering new worlds of unexpected gaming experiences through PlayStationVR.','06e78dc2-25dd-4138-8afa-8763891dc43a','c36b3974-647c-42b3-8a9c-9d4382f55f16','2023-07-21 07:51:07','2023-07-21 07:51:07'),('suit',14.55,'SUIT PANT: From the comfort you know and love. The J.M. Haggar suit collection checks all of the boxes. Featuring a hidden expandable waistband, hook and bar closure, off seam front pockets, single welt back pockets in a classic fit flat front silhouette.','0ba4146a-5178-48ea-a7cd-4091ecad813c','cdc1df4d-009c-415e-9845-d79de76af282','2023-07-21 07:51:06','2023-07-21 07:51:06'),('smartphone',692,'Google Pixel 6a adapts to you; its super fast and secure and powered by Google Tensor, the first chip designed by Google just for Pixel.Form_factor : Bar.Other camera description:Front,Rear','06e78dc2-25dd-4138-8afa-8763891dc43a','cf4cd263-cdea-4b94-9ad0-72ff586eaa0b','2023-07-21 07:51:07','2023-07-21 07:51:07'),('loafer',59.99,'Synthetic Rubber sole, Leather Material, Flat - Loafer, Buckle Closure','80f8adf6-4992-4144-8bd5-b024a3ba8175','d1046187-33b2-4f78-a993-d535852b535b','2023-07-21 07:51:06','2023-07-21 07:51:06'),('gaming_console',292,'Compatible with game boy and game boy Color cartridges via open source software. Compatibility with game boy advance cartridges (beta function), Upscales to 720p 4:3/16:9 Aspect Ratio Switch','06e78dc2-25dd-4138-8afa-8763891dc43a','d2704ee0-3eb7-44c1-ba63-686d8208a4ed','2023-07-21 07:51:07','2023-07-21 07:51:07'),('speaker',129,'Take your listening experience to the next level with the JBL Pulse 3, The portable, waterproof Bluetooth speaker that combines 360 sound with 360 Lightshow','06e78dc2-25dd-4138-8afa-8763891dc43a','d88b26ca-be30-4ce7-ba2c-79d38a793f8c','2023-07-21 07:51:07','2023-07-21 07:51:07'),('trouser',15.98,'Fashion meets function: Style these dress pants with; a camisole for women, blouse, blazer, short-sleeve shirts for women, a sweater, turtleneck-women and a variety of button-down shirts; or for a more casual look, wear these pants for women with a tucked-in t-shirt','0ba4146a-5178-48ea-a7cd-4091ecad813c','d8dda315-fc28-4f05-9d6f-dd2fbbf5f1a3','2023-07-21 07:51:06','2023-07-21 07:51:06'),('trunks',16.22,'Added stretch for maximum comfort and enhanced movement, contour pouch creates a flattering and smooth shape','0ba4146a-5178-48ea-a7cd-4091ecad813c','de50a258-9336-48c1-816e-8ba0481df661','2023-07-21 07:51:06','2023-07-21 07:51:06'),('wireless_headphones',300,'NOISE CANCELLING WIRELESS HEADPHONES: The perfect balance of quiet, comfort, and sound. Bose uses tiny mics to measure, compare, and react to outside noise, cancelling it with opposite signals. Bluetooth range-up to 9 m (30 feet).','06e78dc2-25dd-4138-8afa-8763891dc43a','e08d23ba-29f6-495d-87b2-9b95ac83d1ba','2023-07-21 07:51:07','2023-07-21 07:51:07'),('other',39.99,'80% Suede, 20% Mesh, Rubber sole, Shaft measures approximately not_applicable from arch, Breathable, lightweight, Durable Lightweight rubber outsole','80f8adf6-4992-4144-8bd5-b024a3ba8175','e1a995fe-9e63-46dd-bc2a-f65f9ed76499','2023-07-21 07:51:06','2023-07-21 07:51:06'),('sandal',36.05,'Leather and Textile, Rubber sole, Platform measures approximately 1, Triple-texture thong sandal with sporty outdoor traction and contoured footbed','80f8adf6-4992-4144-8bd5-b024a3ba8175','e1d1e338-18ed-4c51-a6ec-fc081e1f957c','2023-07-21 07:51:07','2023-07-21 07:51:07'),('smartwatch',79.95,'1.39 inch HD Display- This smartwatch has a 1.39 TFT LCD Full Touch Display with a 2D High Hardness Glass for super protection and a high resolution of 240*240 pixels The watch has 650 NITS Peak BrightnessFull Metal Body- This watch is long lasting and durable with its metal body feature','06e78dc2-25dd-4138-8afa-8763891dc43a','e4412817-6f53-44b7-91b2-adb01233947a','2023-07-21 07:51:07','2023-07-21 07:51:07'),('running Shoe',47,'100% Leather and Synthetic, Imported, Man made sole, Shaft measures approximately low-top from arch, Slip-on Closure, Memory Foam Insole','80f8adf6-4992-4144-8bd5-b024a3ba8175','ee441902-3efa-44fc-a4b1-62d5bb1482f3','2023-07-21 07:51:06','2023-07-21 07:51:06'),('sandal',17.95,'100% Synthetic, Rubber sole, Shaft measures approximately 0-6 from arch, Platform measures approximately .5 inches, Lightweight, pillow soft slides that are quick-drying and made for an easy on-and-off','80f8adf6-4992-4144-8bd5-b024a3ba8175','ef8f70a3-6b97-434a-aeb7-0cf52d85699b','2023-07-21 07:51:07','2023-07-21 07:51:07'),('jacket',41.87,'CLASSIC FIT. Made with comfort in mind, this relaxed fit classic denim jacket can be worn alone or with layers on cooler days. With room through the torso, you won\'t feel restricted in movement','0ba4146a-5178-48ea-a7cd-4091ecad813c','f39125e5-22fd-43ca-8a3f-3e758e46b0f1','2023-07-21 07:51:05','2023-07-21 07:51:05'),('ring',28.88,'PURE 925 STERLING SILVER  Crafted to stand the test of time. Sterling Silver is 92.5% silver, mixed with alloys to add strength and durability.','40eb4ce3-97c1-4da1-9cc1-e02ae32ab0b0','f93a3f14-2750-411e-b1f5-78ed4e0f18ef','2023-07-21 07:51:06','2023-07-21 07:51:06'),('smartwatch',92,'WHY APPLE WATCH SE  All the essentials to help you monitor your fitness, keep connected, track your health, and stay safe. Now up to 20 percent faster, with features like Crash Detection and enhanced workout metrics, its a better value than ever.','06e78dc2-25dd-4138-8afa-8763891dc43a','fb3ce369-b54f-415e-bfc0-14a478a7a443','2023-07-21 07:51:07','2023-07-21 07:51:07'),('loafer',78,'100% Leather, Man Made sole, Shaft measures approximately not_applicable from arch, Heel measures approximately 1.25, Platform measures approximately 0.5 inches, 1.5 inch platform with lug sole elevates these chunky menswear inspired women\'s loafers.','80f8adf6-4992-4144-8bd5-b024a3ba8175','fdc4f7e7-aef3-4b65-bbce-bdce876f712a','2023-07-21 07:51:06','2023-07-21 07:51:06'),('smartphone',30.5,'PORTABLE CHARGER: Ideal for power boosts and extending the life of your tablet, cell phone, Bluetooth speaker, e-reader or any other standard USB devices delivering 6700mAh Internal Battery and 2.4A of shared output power for up to 4x extra battery, WATERPROOF RUBBERIZED FINISH: Designed to withstand the most extreme outdoor conditions (waterproof, drop-resistant and dirt-proof) while camping, hiking or mountaineering or just simply on the go','06e78dc2-25dd-4138-8afa-8763891dc43a','ff09cbce-9acb-4dfa-a71f-0c2b4d4f51ea','2023-07-21 07:51:07','2023-07-21 07:51:07');
/*!40000 ALTER TABLE `products` ENABLE KEYS */;
UNLOCK TABLES;

--
-- Table structure for table `review`
--

DROP TABLE IF EXISTS `review`;
/*!40101 SET @saved_cs_client     = @@character_set_client */;
/*!50503 SET character_set_client = utf8mb4 */;
CREATE TABLE `review` (
  `rating` float NOT NULL,
  `review_text` varchar(1024) NOT NULL,
  `user_id` varchar(60) NOT NULL,
  `product_id` varchar(60) NOT NULL,
  `id` varchar(60) NOT NULL,
  `created_at` datetime NOT NULL,
  `updated_at` datetime NOT NULL,
  PRIMARY KEY (`id`),
  KEY `user_id` (`user_id`),
  KEY `product_id` (`product_id`),
  CONSTRAINT `review_ibfk_1` FOREIGN KEY (`user_id`) REFERENCES `users` (`id`) ON DELETE CASCADE,
  CONSTRAINT `review_ibfk_2` FOREIGN KEY (`product_id`) REFERENCES `products` (`id`) ON DELETE CASCADE
) ENGINE=InnoDB DEFAULT CHARSET=utf8mb4 COLLATE=utf8mb4_0900_ai_ci;
/*!40101 SET character_set_client = @saved_cs_client */;

--
-- Dumping data for table `review`
--

LOCK TABLES `review` WRITE;
/*!40000 ALTER TABLE `review` DISABLE KEYS */;
/*!40000 ALTER TABLE `review` ENABLE KEYS */;
UNLOCK TABLES;

--
-- Table structure for table `user_profile`
--

DROP TABLE IF EXISTS `user_profile`;
/*!40101 SET @saved_cs_client     = @@character_set_client */;
/*!50503 SET character_set_client = utf8mb4 */;
CREATE TABLE `user_profile` (
  `profile_picture` varchar(128) DEFAULT NULL,
  `bio` varchar(128) DEFAULT NULL,
  `user_id` varchar(60) NOT NULL,
  `id` varchar(60) NOT NULL,
  `created_at` datetime NOT NULL,
  `updated_at` datetime NOT NULL,
  PRIMARY KEY (`id`),
  KEY `user_id` (`user_id`),
  CONSTRAINT `user_profile_ibfk_1` FOREIGN KEY (`user_id`) REFERENCES `users` (`id`) ON DELETE CASCADE
) ENGINE=InnoDB DEFAULT CHARSET=utf8mb4 COLLATE=utf8mb4_0900_ai_ci;
/*!40101 SET character_set_client = @saved_cs_client */;

--
-- Dumping data for table `user_profile`
--

LOCK TABLES `user_profile` WRITE;
/*!40000 ALTER TABLE `user_profile` DISABLE KEYS */;
/*!40000 ALTER TABLE `user_profile` ENABLE KEYS */;
UNLOCK TABLES;

--
-- Table structure for table `users`
--

DROP TABLE IF EXISTS `users`;
/*!40101 SET @saved_cs_client     = @@character_set_client */;
/*!50503 SET character_set_client = utf8mb4 */;
CREATE TABLE `users` (
  `first_name` varchar(128) NOT NULL,
  `last_name` varchar(128) NOT NULL,
  `email` varchar(128) NOT NULL,
  `password` varchar(128) NOT NULL,
  `id` varchar(60) NOT NULL,
  `created_at` datetime NOT NULL,
  `updated_at` datetime NOT NULL,
  PRIMARY KEY (`id`)
) ENGINE=InnoDB DEFAULT CHARSET=utf8mb4 COLLATE=utf8mb4_0900_ai_ci;
/*!40101 SET character_set_client = @saved_cs_client */;

--
-- Dumping data for table `users`
--

LOCK TABLES `users` WRITE;
/*!40000 ALTER TABLE `users` DISABLE KEYS */;
/*!40000 ALTER TABLE `users` ENABLE KEYS */;
UNLOCK TABLES;
/*!40103 SET TIME_ZONE=@OLD_TIME_ZONE */;

/*!40101 SET SQL_MODE=@OLD_SQL_MODE */;
/*!40014 SET FOREIGN_KEY_CHECKS=@OLD_FOREIGN_KEY_CHECKS */;
/*!40014 SET UNIQUE_CHECKS=@OLD_UNIQUE_CHECKS */;
/*!40101 SET CHARACTER_SET_CLIENT=@OLD_CHARACTER_SET_CLIENT */;
/*!40101 SET CHARACTER_SET_RESULTS=@OLD_CHARACTER_SET_RESULTS */;
/*!40101 SET COLLATION_CONNECTION=@OLD_COLLATION_CONNECTION */;
/*!40111 SET SQL_NOTES=@OLD_SQL_NOTES */;

-- Dump completed on 2023-07-21  8:09:22
